ad_id,reporting_start,reporting_end,campaign_id,fb_campaign_id,age,gender,interest1,interest2,interest3,impressions,clicks,spent,total_conversion,approved_conversion,ctr,cpc,costo_por_conversion_aprobada,tasa_de_conversion
708746,2017-08-17,2017-08-17,916,103916,30-34,M,15,17,17,7350.0,1,1.429999948,2.0,1.0,0.013605442176870748,1.429999948,1.429999948,100.0
708749,2017-08-17,2017-08-17,916,103917,30-34,M,16,19,21,17861.0,2,1.820000023,2.0,0.0,0.011197581322434353,0.9100000115,,0.0
708771,2017-08-17,2017-08-17,916,103920,30-34,M,20,25,22,693.0,0,0.0,1.0,0.0,0.0,,,
708815,2017-08-30,2017-08-30,916,103928,30-34,M,28,32,32,4259.0,1,1.25,1.0,0.0,0.023479690068091103,1.25,,0.0
708818,2017-08-17,2017-08-17,916,103928,30-34,M,28,33,32,4133.0,1,1.289999962,1.0,1.0,0.024195499637067505,1.289999962,1.289999962,100.0
708820,2017-08-17,2017-08-17,916,103929,30-34,M,29,30,30,1915.0,0,0.0,1.0,1.0,0.0,,0.0,
708889,2017-08-17,2017-08-17,916,103940,30-34,M,15,16,17,15615.0,3,4.769999981,1.0,0.0,0.01921229586935639,1.5899999936666667,,0.0
708895,2017-08-17,2017-08-17,916,103941,30-34,M,16,20,18,10951.0,1,1.269999981,1.0,1.0,0.009131586156515388,1.269999981,1.269999981,100.0
708953,2017-08-17,2017-08-17,916,103951,30-34,M,27,31,31,2355.0,1,1.5,1.0,0.0,0.042462845010615716,1.5,,0.0
708958,2017-08-30,2017-08-30,916,103952,30-34,M,28,32,31,9502.0,3,3.159999967,1.0,0.0,0.03157230056830141,1.0533333223333334,,0.0
708979,2017-08-30,2017-08-30,916,103955,30-34,M,31,37,34,1224.0,0,0.0,1.0,0.0,0.0,,,
709023,2017-08-29,2017-08-29,916,103962,30-34,M,7,8,8,735.0,0,0.0,1.0,0.0,0.0,,,
709038,2017-08-29,2017-08-29,916,103965,30-34,M,16,20,22,5117.0,0,0.0,1.0,0.0,0.0,,,
709040,2017-08-29,2017-08-29,916,103965,30-34,M,16,19,21,5120.0,0,0.0,1.0,0.0,0.0,,,
709059,2017-08-30,2017-08-30,916,103968,30-34,M,20,26,23,14669.0,7,10.28000021,1.0,1.0,0.0477196809598473,1.4685714585714287,10.28000021,14.285714285714285
709105,2017-08-30,2017-08-30,916,103976,30-34,M,28,30,32,1241.0,0,0.0,1.0,1.0,0.0,,0.0,
709115,2017-08-30,2017-08-30,916,103978,30-34,M,30,34,31,2305.0,1,0.569999993,1.0,0.0,0.04338394793926247,0.569999993,,0.0
709124,2017-08-30,2017-08-30,916,103979,30-34,M,31,34,33,1024.0,0,0.0,1.0,1.0,0.0,,0.0,
709179,2017-08-30,2017-08-30,916,103988,35-39,M,15,16,17,4627.0,1,1.690000057,1.0,0.0,0.02161227577263886,1.690000057,,0.0
709183,2017-08-30,2017-08-30,916,103989,35-39,M,16,20,22,21026.0,4,4.630000114,2.0,1.0,0.019024065442785124,1.1575000285,4.630000114,25.0
709320,2017-08-17,2017-08-17,916,104012,35-39,M,15,21,20,1422.0,0,0.0,1.0,1.0,0.0,,0.0,
709323,2017-08-17,2017-08-17,916,104012,35-39,M,15,17,19,7132.0,2,2.609999895,1.0,0.0,0.028042624789680313,1.3049999475,,0.0
709326,2017-08-18,2017-08-18,916,104013,35-39,M,16,22,22,12190.0,2,3.049999952,1.0,0.0,0.016406890894175553,1.524999976,,0.0
709327,2017-08-18,2017-08-18,916,104013,35-39,M,16,22,20,12193.0,2,3.059999943,1.0,1.0,0.01640285409661281,1.5299999715,3.059999943,50.0
709328,2017-08-18,2017-08-18,916,104013,35-39,M,16,19,18,3332.0,0,0.0,1.0,1.0,0.0,,0.0,
709455,2017-08-18,2017-08-18,916,104034,35-39,M,7,12,10,559.0,0,0.0,1.0,0.0,0.0,,,
709544,2017-08-18,2017-08-18,916,104049,35-39,M,29,33,32,7440.0,2,2.980000019,1.0,1.0,0.026881720430107527,1.4900000095,2.980000019,50.0
709614,2017-08-19,2017-08-19,916,104061,40-44,M,16,19,20,19113.0,4,5.5200001,1.0,0.0,0.020928164076806362,1.380000025,,0.0
709756,2017-08-19,2017-08-19,916,104085,40-44,M,16,21,21,10976.0,2,1.690000057,1.0,1.0,0.018221574344023325,0.8450000285,1.690000057,50.0
709761,2017-08-18,2017-08-18,916,104085,40-44,M,16,19,20,2861.0,0,0.0,1.0,0.0,0.0,,,
709899,2017-08-18,2017-08-18,916,104108,40-44,M,15,18,20,1398.0,0,0.0,1.0,1.0,0.0,,0.0,
709901,2017-08-18,2017-08-18,916,104109,40-44,M,16,18,20,23817.0,7,8.470000148,1.0,1.0,0.02939077129781249,1.2100000211428572,8.470000148,14.285714285714285
710045,2017-08-17,2017-08-17,916,104133,45-49,M,16,22,17,47224.0,12,15.82000017,1.0,0.0,0.025410808063696423,1.3183333475,,0.0
710088,2017-08-17,2017-08-17,916,104140,45-49,M,24,26,27,2283.0,1,1.470000029,1.0,0.0,0.043802014892685065,1.470000029,,0.0
710360,2017-08-17,2017-08-17,916,104185,45-49,M,21,26,24,2182.0,1,1.529999971,1.0,1.0,0.045829514207149404,1.529999971,1.529999971,100.0
710477,2017-08-17,2017-08-17,916,104205,30-34,F,16,19,19,2654.0,0,0.0,1.0,1.0,0.0,,0.0,
710480,2017-08-17,2017-08-17,916,104205,30-34,F,16,21,20,57665.0,14,18.06999969,1.0,1.0,0.024278158328275384,1.2907142635714286,18.06999969,7.142857142857142
710571,2017-08-18,2017-08-18,916,104220,30-34,F,32,37,38,3091.0,1,1.610000014,1.0,1.0,0.03235198964736331,1.610000014,1.610000014,100.0
710617,2017-08-18,2017-08-18,916,104228,30-34,F,15,19,16,5014.0,1,1.190000057,1.0,0.0,0.01994415636218588,1.190000057,,0.0
710623,2017-08-18,2017-08-18,916,104229,30-34,F,16,19,20,38726.0,7,9.220000267,1.0,0.0,0.018075711408356142,1.3171428952857143,,0.0
710628,2017-08-17,2017-08-17,916,104230,30-34,F,18,24,22,1473.0,0,0.0,1.0,0.0,0.0,,,
710682,2017-08-29,2017-08-29,916,104239,30-34,F,27,33,32,1186.0,0,0.0,1.0,0.0,0.0,,,
710763,2017-08-29,2017-08-29,916,104252,30-34,F,15,19,17,5369.0,1,1.50999999,1.0,0.0,0.018625442354255912,1.50999999,,0.0
710836,2017-08-27,2017-08-27,916,104265,30-34,F,29,33,31,22221.0,7,9.430000067,1.0,1.0,0.03150173259529274,1.3471428667142857,9.430000067,14.285714285714285
710867,2017-08-26,2017-08-26,916,104270,30-34,F,63,64,68,1185.0,0,0.0,1.0,0.0,0.0,,,
710880,2017-08-26,2017-08-26,916,104272,30-34,F,65,70,68,13019.0,5,6.960000038,1.0,0.0,0.038405407481373374,1.3920000076,,0.0
710961,2017-08-27,2017-08-27,916,104285,35-39,F,25,29,26,2508.0,1,1.220000029,1.0,0.0,0.03987240829346093,1.220000029,,0.0
710968,2017-08-27,2017-08-27,916,104287,35-39,F,27,31,29,5864.0,2,2.799999952,1.0,1.0,0.034106412005457026,1.399999976,2.799999952,50.0
711217,2017-08-27,2017-08-27,916,104328,35-39,F,20,26,23,2783.0,1,1.600000024,1.0,0.0,0.035932446999640676,1.600000024,,0.0
711623,2017-08-27,2017-08-27,916,104396,40-44,F,15,18,20,3812.0,1,1.129999995,2.0,1.0,0.026232948583420776,1.129999995,1.129999995,100.0
711764,2017-08-27,2017-08-27,916,104419,45-49,F,10,16,11,11199.0,4,5.730000019,1.0,1.0,0.035717474774533436,1.43250000475,5.730000019,25.0
711785,2017-08-26,2017-08-26,916,104423,45-49,F,19,25,23,292.0,0,0.0,1.0,0.0,0.0,,,
711877,2017-08-26,2017-08-26,916,104438,45-49,F,63,67,65,17572.0,7,9.379999995,1.0,0.0,0.03983610289096289,1.3399999992857143,,0.0
712052,2017-08-25,2017-08-25,916,104467,45-49,F,10,13,11,1448.0,0,0.0,1.0,1.0,0.0,,0.0,
734209,2017-08-25,2017-08-25,936,108654,30-34,M,10,16,14,1772.0,0,0.0,1.0,1.0,0.0,,0.0,
734210,2017-08-25,2017-08-25,936,108654,30-34,M,10,16,13,13329.0,4,5.629999995,1.0,1.0,0.030009753169780176,1.40749999875,5.629999995,25.0
734215,2017-08-26,2017-08-26,936,108655,30-34,M,15,19,17,13659.0,3,3.840000033,1.0,0.0,0.021963540522732264,1.280000011,,0.0
734243,2017-08-26,2017-08-26,936,108660,30-34,M,21,23,24,739.0,0,0.0,1.0,1.0,0.0,,0.0,
734266,2017-08-26,2017-08-26,936,108664,30-34,M,25,30,27,605.0,0,0.0,1.0,0.0,0.0,,,
734272,2017-08-26,2017-08-26,936,108665,30-34,M,26,32,29,1030.0,0,0.0,1.0,0.0,0.0,,,
734290,2017-08-26,2017-08-26,936,108668,30-34,M,29,32,35,5374.0,1,1.039999962,4.0,0.0,0.018608113137327877,1.039999962,,0.0
734313,2017-08-26,2017-08-26,936,108672,30-34,M,36,38,38,790.0,0,0.0,1.0,1.0,0.0,,0.0,
734314,2017-08-27,2017-08-27,936,108672,30-34,M,36,38,38,962.0,0,0.0,1.0,0.0,0.0,,,
734352,2017-08-27,2017-08-27,936,108678,35-39,M,10,11,16,4423.0,1,1.460000038,1.0,1.0,0.022609088853719195,1.460000038,1.460000038,100.0
734361,2017-08-29,2017-08-29,936,108680,35-39,M,16,19,19,12382.0,2,2.839999914,1.0,1.0,0.016152479405588758,1.419999957,2.839999914,50.0
734381,2017-08-29,2017-08-29,936,108683,35-39,M,20,25,24,2938.0,1,1.350000024,1.0,1.0,0.03403675970047651,1.350000024,1.350000024,100.0
734399,2017-08-28,2017-08-28,936,108686,35-39,M,23,24,27,239.0,0,0.0,1.0,0.0,0.0,,,
734418,2017-08-29,2017-08-29,936,108689,35-39,M,26,27,28,591.0,0,0.0,1.0,0.0,0.0,,,
734421,2017-08-29,2017-08-29,936,108690,35-39,M,27,29,32,10332.0,4,5.75,1.0,0.0,0.03871467286101432,1.4375,,0.0
734427,2017-08-29,2017-08-29,936,108691,35-39,M,28,29,31,8259.0,3,3.980000019,1.0,0.0,0.03632401017072285,1.326666673,,0.0
734433,2017-08-29,2017-08-29,936,108692,35-39,M,29,35,31,12158.0,3,4.449999928,1.0,0.0,0.024675111037999672,1.4833333093333334,,0.0
734582,2017-08-29,2017-08-29,936,108716,40-44,M,29,33,33,7709.0,2,1.320000052,2.0,0.0,0.02594370216629913,0.660000026,,0.0
734605,2017-08-28,2017-08-28,936,108720,40-44,M,36,37,41,834.0,0,0.0,1.0,0.0,0.0,,,
734660,2017-08-28,2017-08-28,936,108729,45-49,M,18,22,23,1299.0,0,0.0,2.0,0.0,0.0,,,
734666,2017-08-28,2017-08-28,936,108730,45-49,M,19,24,20,371.0,0,0.0,1.0,0.0,0.0,,,
734726,2017-08-28,2017-08-28,936,108740,45-49,M,29,30,35,10466.0,3,4.090000033,1.0,0.0,0.02866424613032677,1.3633333443333333,,0.0
734737,2017-08-27,2017-08-27,936,108742,45-49,M,31,37,33,839.0,0,0.0,1.0,0.0,0.0,,,
734785,2017-08-28,2017-08-28,936,108750,30-34,F,10,13,13,5576.0,1,1.529999971,1.0,1.0,0.01793400286944046,1.529999971,1.529999971,100.0
734794,2017-08-28,2017-08-28,936,108752,30-34,F,16,19,17,4010.0,0,0.0,1.0,0.0,0.0,,,
734796,2017-08-28,2017-08-28,936,108752,30-34,F,16,22,17,39337.0,7,10.03000009,1.0,1.0,0.017794951318097465,1.4328571557142857,10.03000009,14.285714285714285
734800,2017-08-28,2017-08-28,936,108753,30-34,F,18,20,20,1635.0,0,0.0,1.0,0.0,0.0,,,
734803,2017-08-28,2017-08-28,936,108753,30-34,F,18,19,21,1631.0,0,0.0,1.0,0.0,0.0,,,
734852,2017-08-28,2017-08-28,936,108761,30-34,F,26,30,29,13479.0,3,4.25,1.0,0.0,0.022256843979523704,1.4166666666666667,,0.0
734854,2017-08-19,2017-08-19,936,108762,30-34,F,27,33,32,57022.0,13,20.29000032,3.0,3.0,0.02279821823155975,1.5607692553846155,6.76333344,23.076923076923077
734856,2017-08-19,2017-08-19,936,108762,30-34,F,27,28,32,5453.0,1,1.389999986,1.0,1.0,0.018338529249954154,1.389999986,1.389999986,100.0
734866,2017-08-20,2017-08-20,936,108764,30-34,F,29,32,31,11803.0,3,4.440000057,1.0,0.0,0.02541726679657714,1.480000019,,0.0
734881,2017-08-20,2017-08-20,936,108766,30-34,F,31,32,34,4259.0,1,1.570000052,1.0,1.0,0.023479690068091103,1.570000052,1.570000052,100.0
734901,2017-08-20,2017-08-20,936,108770,30-34,F,64,70,68,1554.0,0,0.0,1.0,0.0,0.0,,,
734903,2017-08-20,2017-08-20,936,108770,30-34,F,64,69,67,5323.0,1,1.289999962,1.0,1.0,0.0187863986473793,1.289999962,1.289999962,100.0
734925,2017-08-20,2017-08-20,936,108774,35-39,F,10,11,12,5024.0,1,1.409999967,1.0,1.0,0.019904458598726117,1.409999967,1.409999967,100.0
734939,2017-08-20,2017-08-20,936,108776,35-39,F,16,19,22,104648.0,24,33.33000004,4.0,2.0,0.022934026450577173,1.3887500016666667,16.66500002,8.333333333333332
734968,2017-08-20,2017-08-20,936,108781,35-39,F,22,25,27,8504.0,3,3.340000093,1.0,1.0,0.03527751646284102,1.1133333643333334,3.340000093,33.33333333333333
734999,2017-08-20,2017-08-20,936,108786,35-39,F,27,32,32,20277.0,6,8.050000072,1.0,0.0,0.029590176061547565,1.3416666786666667,,0.0
735014,2017-08-19,2017-08-19,936,108788,35-39,F,29,34,30,12403.0,4,5.210000038,1.0,1.0,0.032250262033379024,1.3025000095,5.210000038,25.0
735032,2017-08-19,2017-08-19,936,108791,35-39,F,32,33,34,498.0,0,0.0,1.0,1.0,0.0,,0.0,
735033,2017-08-18,2017-08-18,936,108792,35-39,F,36,40,40,652.0,0,0.0,0.0,0.0,0.0,,,
735043,2017-08-18,2017-08-18,936,108793,35-39,F,63,65,69,1357.0,0,0.0,1.0,1.0,0.0,,0.0,
735048,2017-08-18,2017-08-18,936,108794,35-39,F,64,65,68,1393.0,0,0.0,1.0,0.0,0.0,,,
735065,2017-08-19,2017-08-19,936,108797,40-44,F,7,10,12,648.0,0,0.0,1.0,0.0,0.0,,,
735109,2017-08-19,2017-08-19,936,108804,40-44,F,21,26,25,708.0,0,0.0,1.0,1.0,0.0,,0.0,
735140,2017-08-19,2017-08-19,936,108809,40-44,F,26,27,31,6907.0,2,2.349999964,1.0,0.0,0.02895613146083683,1.174999982,,0.0
735143,2017-08-19,2017-08-19,936,108810,40-44,F,27,28,30,39035.0,13,19.32999957,1.0,0.0,0.03330344562572051,1.4869230438461538,,0.0
735151,2017-08-19,2017-08-19,936,108811,40-44,F,28,30,31,926.0,0,0.0,1.0,0.0,0.0,,,
735184,2017-08-19,2017-08-19,936,108817,40-44,F,63,66,67,4412.0,1,1.450000048,1.0,0.0,0.022665457842248413,1.450000048,,0.0
735189,2017-08-21,2017-08-21,936,108818,40-44,F,64,65,66,9965.0,3,4.050000072,1.0,0.0,0.030105368790767684,1.3500000239999999,,0.0
735213,2017-08-21,2017-08-21,936,108822,45-49,F,10,16,11,73634.0,23,32.97999978,1.0,0.0,0.03123557052448597,1.4339130339130435,,0.0
735220,2017-08-18,2017-08-18,936,108823,45-49,F,15,17,17,69708.0,20,31.28999949,1.0,0.0,0.02869111149365926,1.5644999745,,0.0
735242,2017-08-18,2017-08-18,936,108826,45-49,F,19,25,21,530.0,0,0.0,1.0,0.0,0.0,,,
735247,2017-08-18,2017-08-18,936,108827,45-49,F,20,24,25,14257.0,6,8.789999962,1.0,0.0,0.04208459002595216,1.4649999936666667,,0.0
735289,2017-08-18,2017-08-18,936,108834,45-49,F,27,30,30,20362.0,5,9.119999886,1.0,1.0,0.02455554464198016,1.8239999772000002,9.119999886,20.0
735290,2017-08-18,2017-08-18,936,108834,45-49,F,27,29,33,12215.0,4,6.26000011,1.0,0.0,0.03274662300450266,1.5650000275,,0.0
735298,2017-08-18,2017-08-18,936,108836,45-49,F,29,31,32,85412.0,28,38.63999999,2.0,1.0,0.03278227883669742,1.3799999996428571,38.63999999,3.571428571428571
736869,2017-08-18,2017-08-18,936,109448,30-34,M,2,6,8,2338.0,1,0.239999995,1.0,0.0,0.0427715996578272,0.239999995,,0.0
736890,2017-08-18,2017-08-18,936,109451,30-34,M,15,16,20,2522.0,0,0.0,1.0,0.0,0.0,,,
736893,2017-08-18,2017-08-18,936,109452,30-34,M,16,17,17,3587.0,0,0.0,1.0,0.0,0.0,,,
736977,2017-08-18,2017-08-18,936,109470,30-34,M,27,30,28,1273.0,0,0.0,1.0,0.0,0.0,,,
736988,2017-08-21,2017-08-21,936,109472,30-34,M,28,29,29,3891.0,1,1.090000033,1.0,0.0,0.02570033410434336,1.090000033,,0.0
736995,2017-08-21,2017-08-21,936,109473,30-34,M,29,34,34,1888.0,0,0.0,1.0,0.0,0.0,,,
736997,2017-08-21,2017-08-21,936,109473,30-34,M,29,32,33,1895.0,0,0.0,1.0,0.0,0.0,,,
737097,2017-08-21,2017-08-21,936,109498,35-39,M,7,10,11,715.0,0,0.0,1.0,0.0,0.0,,,
737130,2017-08-21,2017-08-21,936,109507,35-39,M,16,19,18,11199.0,2,2.680000067,1.0,0.0,0.017858737387266718,1.3400000335,,0.0
737320,2017-08-18,2017-08-18,936,109553,35-39,M,63,64,66,5676.0,2,3.00999999,1.0,0.0,0.035236081747709654,1.504999995,,0.0
737375,2017-08-21,2017-08-21,936,109565,40-44,M,10,11,11,1415.0,0,0.0,1.0,0.0,0.0,,,
737524,2017-08-21,2017-08-21,936,109601,40-44,M,30,34,33,2148.0,1,1.580000043,1.0,1.0,0.04655493482309125,1.580000043,1.580000043,100.0
737644,2017-08-21,2017-08-21,936,109629,45-49,M,16,22,17,45401.0,10,14.06000042,1.0,0.0,0.022025946565053633,1.406000042,,0.0
737657,2017-08-18,2017-08-18,936,109633,45-49,M,18,23,20,7478.0,2,2.900000095,1.0,1.0,0.02674511901577962,1.4500000475,2.900000095,50.0
737658,2017-08-18,2017-08-18,936,109633,45-49,M,18,19,24,4919.0,1,1.590000033,1.0,0.0,0.020329335230737954,1.590000033,,0.0
737674,2017-08-20,2017-08-20,936,109637,45-49,M,20,21,24,533.0,0,0.0,1.0,1.0,0.0,,0.0,
737766,2017-08-20,2017-08-20,936,109659,45-49,M,29,33,33,1447.0,0,0.0,1.0,1.0,0.0,,0.0,
737896,2017-08-20,2017-08-20,936,109689,30-34,F,16,21,22,17553.0,3,4.590000153,1.0,0.0,0.017091095539224065,1.530000051,,0.0
737931,2017-08-20,2017-08-20,936,109698,30-34,F,20,26,24,3343.0,1,0.540000021,1.0,0.0,0.029913251570445706,0.540000021,,0.0
737961,2017-08-20,2017-08-20,936,109706,30-34,F,23,29,28,523.0,0,0.0,1.0,0.0,0.0,,,
737995,2017-08-20,2017-08-20,936,109714,30-34,F,26,27,31,1873.0,0,0.0,1.0,0.0,0.0,,,
738006,2017-08-20,2017-08-20,936,109717,30-34,F,27,29,32,34740.0,7,13.41000009,1.0,1.0,0.020149683362118594,1.9157142985714286,13.41000009,14.285714285714285
738067,2017-08-20,2017-08-20,936,109731,30-34,F,32,37,36,658.0,0,0.0,1.0,0.0,0.0,,,
738098,2017-08-20,2017-08-20,936,109738,30-34,F,64,70,68,1539.0,0,0.0,1.0,0.0,0.0,,,
738307,2017-08-20,2017-08-20,936,109788,35-39,F,31,36,36,3010.0,1,0.860000014,1.0,1.0,0.03322259136212625,0.860000014,0.860000014,100.0
738389,2017-08-19,2017-08-19,936,109808,40-44,F,10,16,12,27081.0,9,10.77000046,1.0,1.0,0.03323363243602526,1.1966667177777779,10.77000046,11.11111111111111
738408,2017-08-19,2017-08-19,936,109813,40-44,F,16,22,22,20233.0,4,5.590000153,3.0,0.0,0.019769683190826868,1.39750003825,,0.0
738413,2017-08-19,2017-08-19,936,109813,40-44,F,16,17,19,147159.0,36,58.16000044,3.0,1.0,0.024463335575805763,1.6155555677777778,58.16000044,2.7777777777777777
738423,2017-08-19,2017-08-19,936,109816,40-44,F,18,20,24,21664.0,7,10.61999977,1.0,1.0,0.03231166912850812,1.5171428242857143,10.61999977,14.285714285714285
738436,2017-08-19,2017-08-19,936,109820,40-44,F,19,21,20,9112.0,4,5.460000038,1.0,1.0,0.043898156277436345,1.3650000095,5.460000038,25.0
738463,2017-08-20,2017-08-20,936,109826,40-44,F,21,23,24,542.0,0,0.0,1.0,0.0,0.0,,,
738528,2017-08-19,2017-08-19,936,109839,40-44,F,30,34,33,402.0,0,0.0,1.0,1.0,0.0,,0.0,
738560,2017-08-19,2017-08-19,936,109844,40-44,F,64,70,66,1338.0,0,0.0,1.0,0.0,0.0,,,
738582,2017-08-19,2017-08-19,936,109848,45-49,F,10,16,12,46150.0,15,20.17999983,1.0,1.0,0.03250270855904659,1.3453333219999999,20.17999983,6.666666666666667
738592,2017-08-20,2017-08-20,936,109850,45-49,F,16,22,20,493821.0,116,176.3799977,4.0,1.0,0.02349029304140569,1.520517221551724,176.3799977,0.8620689655172413
738593,2017-08-20,2017-08-20,936,109850,45-49,F,16,17,21,92011.0,27,34.39000046,2.0,1.0,0.029344317527252174,1.273703720740741,34.39000046,3.7037037037037033
738598,2017-08-21,2017-08-21,936,109851,45-49,F,18,23,24,12956.0,4,5.49000001,1.0,1.0,0.030873726458783574,1.3725000025,5.49000001,25.0
738606,2017-08-21,2017-08-21,936,109852,45-49,F,19,20,23,529.0,0,0.0,1.0,0.0,0.0,,,
738637,2017-08-21,2017-08-21,936,109857,45-49,F,24,26,30,944.0,1,1.419999957,1.0,0.0,0.1059322033898305,1.419999957,,0.0
738648,2017-08-18,2017-08-18,936,109859,45-49,F,26,30,27,111090.0,38,51.97000027,5.0,1.0,0.03420649923485462,1.3676315860526316,51.97000027,2.631578947368421
747212,2017-08-18,2017-08-18,936,110836,30-34,M,10,16,14,7208.0,2,3.190000057,1.0,0.0,0.02774694783573807,1.5950000285,,0.0
747213,2017-08-18,2017-08-18,936,110836,30-34,M,10,12,11,1746.0,0,0.0,1.0,0.0,0.0,,,
747220,2017-08-18,2017-08-18,936,110837,30-34,M,15,17,16,2474.0,0,0.0,2.0,2.0,0.0,,0.0,
747222,2017-08-18,2017-08-18,936,110838,30-34,M,16,22,20,12489.0,2,1.960000038,1.0,0.0,0.016014092401313153,0.980000019,,0.0
747223,2017-08-18,2017-08-18,936,110838,30-34,M,16,18,18,8032.0,1,0.600000024,2.0,0.0,0.01245019920318725,0.600000024,,0.0
747248,2017-08-21,2017-08-21,936,110842,30-34,M,21,24,24,472.0,0,0.0,1.0,1.0,0.0,,0.0,
747332,2017-08-21,2017-08-21,936,110856,30-34,M,64,68,65,792.0,0,0.0,1.0,1.0,0.0,,0.0,
747362,2017-08-21,2017-08-21,936,110861,35-39,M,15,16,18,4607.0,1,1.149999976,1.0,1.0,0.021706099413935316,1.149999976,1.149999976,100.0
747369,2017-08-21,2017-08-21,936,110862,35-39,M,16,17,21,13355.0,2,3.180000067,1.0,1.0,0.014975664545114188,1.5900000335,3.180000067,50.0
747370,2017-08-20,2017-08-20,936,110862,35-39,M,16,17,19,2936.0,0,0.0,1.0,0.0,0.0,,,
747401,2017-08-21,2017-08-21,936,110867,35-39,M,22,25,25,2793.0,1,0.980000019,1.0,1.0,0.03580379520229145,0.980000019,0.980000019,100.0
747435,2017-08-21,2017-08-21,936,110873,35-39,M,28,29,30,1032.0,0,0.0,1.0,0.0,0.0,,,
747439,2017-08-21,2017-08-21,936,110874,35-39,M,29,35,33,1662.0,0,0.0,1.0,1.0,0.0,,0.0,
747489,2017-08-21,2017-08-21,936,110882,40-44,M,2,7,6,4016.0,2,1.480000049,1.0,1.0,0.049800796812749,0.7400000245,1.480000049,50.0
747514,2017-08-21,2017-08-21,936,110886,40-44,M,16,20,17,14843.0,3,2.939999938,1.0,1.0,0.02021154753082261,0.9799999793333334,2.939999938,33.33333333333333
747645,2017-08-21,2017-08-21,936,110908,45-49,M,10,14,13,9674.0,3,4.600000024,1.0,1.0,0.03101095720487906,1.5333333413333332,4.600000024,33.33333333333333
747659,2017-08-25,2017-08-25,936,110910,45-49,M,16,21,17,12186.0,2,2.669999957,1.0,0.0,0.016412276382734285,1.3349999785,,0.0
747675,2017-08-25,2017-08-25,936,110913,45-49,M,20,22,21,673.0,0,0.0,1.0,0.0,0.0,,,
747678,2017-08-25,2017-08-25,936,110914,45-49,M,21,27,23,370.0,0,0.0,1.0,1.0,0.0,,0.0,
747712,2017-08-24,2017-08-24,936,110919,45-49,M,26,30,29,450.0,0,0.0,1.0,1.0,0.0,,0.0,
747790,2017-08-24,2017-08-24,936,110932,30-34,F,10,12,14,2077.0,0,0.0,1.0,1.0,0.0,,0.0,
747791,2017-08-25,2017-08-25,936,110932,30-34,F,10,14,13,31393.0,8,10.96000051,1.0,1.0,0.025483388016436785,1.37000006375,10.96000051,12.5
747795,2017-08-25,2017-08-25,936,110933,30-34,F,15,21,18,8410.0,2,2.359999895,1.0,1.0,0.023781212841854936,1.1799999475,2.359999895,50.0
747798,2017-08-25,2017-08-25,936,110934,30-34,F,16,21,20,25884.0,5,7.350000143,1.0,0.0,0.019316952557564517,1.4700000286,,0.0
747824,2017-08-25,2017-08-25,936,110938,30-34,F,21,24,23,608.0,0,0.0,1.0,1.0,0.0,,0.0,
747828,2017-08-25,2017-08-25,936,110939,30-34,F,22,24,24,28488.0,10,9.340000033,1.0,0.0,0.035102499297950014,0.9340000033000001,,0.0
747852,2017-08-24,2017-08-24,936,110943,30-34,F,26,32,32,10126.0,3,4.619999886,1.0,0.0,0.02962670353545329,1.5399999619999998,,0.0
747859,2017-08-24,2017-08-24,936,110944,30-34,F,27,32,33,22572.0,5,8.5,1.0,0.0,0.022151337940811627,1.7,,0.0
747863,2017-08-24,2017-08-24,936,110944,30-34,F,27,30,33,1955.0,0,0.0,1.0,1.0,0.0,,0.0,
747879,2017-08-24,2017-08-24,936,110947,30-34,F,30,36,31,493.0,0,0.0,1.0,0.0,0.0,,,
747903,2017-08-24,2017-08-24,936,110951,30-34,F,63,69,69,1491.0,0,0.0,1.0,1.0,0.0,,0.0,
747911,2017-08-24,2017-08-24,936,110952,30-34,F,64,66,66,1495.0,0,0.0,1.0,1.0,0.0,,0.0,
747968,2017-08-24,2017-08-24,936,110962,35-39,F,21,27,24,512.0,0,0.0,0.0,0.0,0.0,,,
747991,2017-08-24,2017-08-24,936,110966,35-39,F,25,31,27,4868.0,2,2.420000076,1.0,0.0,0.041084634346754315,1.210000038,,0.0
748000,2017-08-24,2017-08-24,936,110967,35-39,F,26,27,32,6585.0,2,2.950000048,1.0,0.0,0.030372057706909643,1.475000024,,0.0
748007,2017-08-24,2017-08-24,936,110968,35-39,F,27,29,28,10164.0,2,3.720000029,1.0,1.0,0.01967729240456513,1.8600000145,3.720000029,50.0
748014,2017-08-24,2017-08-24,936,110970,35-39,F,29,31,35,11182.0,4,4.449999809,1.0,0.0,0.03577177606868181,1.11249995225,,0.0
748045,2017-08-25,2017-08-25,936,110975,35-39,F,63,69,64,1238.0,0,0.0,1.0,0.0,0.0,,,
748086,2017-08-25,2017-08-25,936,110982,40-44,F,16,19,18,34127.0,8,13.07000017,1.0,0.0,0.023441849561930433,1.63375002125,,0.0
748087,2017-08-26,2017-08-26,936,110982,40-44,F,16,22,19,29466.0,7,10.84999967,2.0,0.0,0.02375619357904025,1.5499999528571429,,0.0
748089,2017-08-26,2017-08-26,936,110982,40-44,F,16,18,21,38759.0,9,10.84999967,1.0,0.0,0.023220413323357156,1.205555518888889,,0.0
748091,2017-08-26,2017-08-26,936,110982,40-44,F,16,17,19,41720.0,10,12.06000006,1.0,1.0,0.023969319271332692,1.206000006,12.06000006,10.0
748225,2017-08-26,2017-08-26,936,111005,45-49,F,15,16,17,18602.0,5,8.860000134,1.0,0.0,0.026878830233308247,1.7720000268,,0.0
748230,2017-08-26,2017-08-26,936,111006,45-49,F,16,17,20,83929.0,21,27.72999954,4.0,1.0,0.025021148828176194,1.3204761685714286,27.72999954,4.761904761904762
748231,2017-08-27,2017-08-27,936,111006,45-49,F,16,18,21,25194.0,6,7.349999905,1.0,0.0,0.023815194093831864,1.2249999841666666,,0.0
748233,2017-08-27,2017-08-27,936,111006,45-49,F,16,22,18,78627.0,19,26.53000045,1.0,0.0,0.0241647271293576,1.3963158131578948,,0.0
748235,2017-08-26,2017-08-26,936,111006,45-49,F,16,18,19,102695.0,25,39.42999983,3.0,0.0,0.024343931057987246,1.5771999932,,0.0
748294,2017-08-26,2017-08-26,936,111016,45-49,F,27,32,31,82827.0,24,47.93000031,3.0,0.0,0.028976058531638236,1.99708334625,,0.0
748295,2017-08-26,2017-08-26,936,111016,45-49,F,27,31,32,9240.0,3,6.039999962,1.0,0.0,0.032467532467532464,2.0133333206666664,,0.0
748303,2017-08-25,2017-08-25,936,111018,45-49,F,29,32,33,7706.0,2,2.369999886,1.0,0.0,0.02595380223202699,1.184999943,,0.0
748314,2017-08-25,2017-08-25,936,111020,45-49,F,31,34,32,7821.0,4,6.340000153,1.0,1.0,0.0511443549418233,1.58500003825,6.340000153,25.0
748341,2017-08-25,2017-08-25,936,111024,45-49,F,64,67,68,1363.0,0,0.0,1.0,1.0,0.0,,0.0,
776318,2017-08-25,2017-08-25,936,115484,45-49,F,15,16,19,3569.0,0,0.0,1.0,1.0,0.0,,0.0,
776322,2017-08-25,2017-08-25,936,115485,45-49,F,16,21,20,119063.0,34,53.21999949,1.0,0.0,0.02855631052468021,1.5652941026470588,,0.0
776323,2017-08-26,2017-08-26,936,115485,45-49,F,16,17,18,99078.0,23,35.79999948,2.0,0.0,0.023214033387835845,1.556521716521739,,0.0
776325,2017-08-26,2017-08-26,936,115485,45-49,F,16,19,20,452398.0,114,180.2200012,1.0,0.0,0.025199050393679902,1.5808772035087721,,0.0
776334,2017-08-26,2017-08-26,936,115487,45-49,F,10,12,16,191223.0,48,76.41000056,1.0,0.0,0.025101582968575953,1.5918750116666667,,0.0
776336,2017-08-26,2017-08-26,936,115487,45-49,F,10,15,14,22216.0,6,9.549999952,1.0,0.0,0.02700756211739287,1.5916666586666668,,0.0
776338,2017-08-23,2017-08-23,936,115487,45-49,F,10,12,11,48291.0,11,18.01999998,1.0,0.0,0.022778571576484233,1.6381818163636366,,0.0
776353,2017-08-23,2017-08-23,936,115490,40-44,F,63,66,67,27559.0,8,13.37,1.0,0.0,0.0290286294858304,1.67125,,0.0
776373,2017-08-21,2017-08-21,936,115493,45-49,F,25,27,27,10194.0,4,4.590000033,2.0,1.0,0.039238767902687856,1.14750000825,4.590000033,25.0
776383,2017-08-21,2017-08-21,936,115495,45-49,F,23,27,29,1168.0,0,0.0,1.0,1.0,0.0,,0.0,
776405,2017-08-21,2017-08-21,936,115498,45-49,F,21,25,22,40126.0,16,25.86000001,1.0,0.0,0.03987439565369087,1.616250000625,,0.0
776416,2017-08-21,2017-08-21,936,115500,45-49,F,19,22,20,3659.0,1,0.49000001,1.0,1.0,0.027329871549603715,0.49000001,0.49000001,100.0
776430,2017-08-22,2017-08-22,936,115503,30-34,M,10,14,16,3200.0,0,0.0,1.0,0.0,0.0,,,
776464,2017-08-22,2017-08-22,936,115508,45-49,F,29,30,31,7550.0,1,1.679999948,1.0,1.0,0.013245033112582781,1.679999948,1.679999948,100.0
776469,2017-08-22,2017-08-22,936,115509,45-49,F,28,33,29,45397.0,15,25.41999936,1.0,1.0,0.03304183095799282,1.694666624,25.41999936,6.666666666666667
776473,2017-08-22,2017-08-22,936,115510,30-34,M,16,22,22,23086.0,2,3.310000062,1.0,1.0,0.008663259118080222,1.655000031,3.310000062,50.0
776475,2017-08-21,2017-08-21,936,115510,30-34,M,16,21,20,16425.0,1,1.549999952,1.0,0.0,0.0060882800608828,1.549999952,,0.0
776476,2017-08-21,2017-08-21,936,115510,30-34,M,16,17,18,43756.0,5,5.439999938,0.0,0.0,0.011427004296553616,1.0879999876,,0.0
776477,2017-08-21,2017-08-21,936,115510,30-34,M,16,22,17,9982.0,0,0.0,1.0,0.0,0.0,,,
776489,2017-08-21,2017-08-21,936,115512,45-49,F,26,31,28,175389.0,55,81.60999787,1.0,0.0,0.031358865151178236,1.4838181430909092,,0.0
776494,2017-08-21,2017-08-21,936,115513,30-34,M,15,16,16,7015.0,0,0.0,1.0,0.0,0.0,,,
776515,2017-08-21,2017-08-21,936,115517,45-49,F,65,68,68,12706.0,3,4.98999989,1.0,1.0,0.023610892491736188,1.6633332966666667,4.98999989,33.33333333333333
776519,2017-08-21,2017-08-21,936,115517,45-49,F,65,71,67,70702.0,20,31.7099998,1.0,0.0,0.028287742920992336,1.58549999,,0.0
776533,2017-08-21,2017-08-21,936,115520,45-49,F,63,64,68,63927.0,16,25.52000046,2.0,0.0,0.025028548187776684,1.59500002875,,0.0
776534,2017-08-21,2017-08-21,936,115520,45-49,F,63,69,67,15105.0,3,4.25999999,1.0,0.0,0.019860973187686197,1.4199999966666665,,0.0
776538,2017-08-21,2017-08-21,936,115521,30-34,F,15,16,19,8774.0,1,1.830000043,1.0,0.0,0.011397310234784592,1.830000043,,0.0
776551,2017-08-21,2017-08-21,936,115523,30-34,F,16,18,22,14459.0,1,1.389999986,1.0,0.0,0.006916107614634484,1.389999986,,0.0
776552,2017-08-22,2017-08-22,936,115523,30-34,F,16,17,18,21596.0,2,2.809999943,1.0,0.0,0.009260974254491572,1.4049999715,,0.0
776553,2017-08-22,2017-08-22,936,115523,30-34,F,16,21,17,66765.0,8,11.04999971,1.0,0.0,0.011982326069048154,1.38124996375,,0.0
776563,2017-08-23,2017-08-23,936,115525,30-34,F,7,9,13,1369.0,0,0.0,1.0,1.0,0.0,,0.0,
776579,2017-08-23,2017-08-23,936,115527,30-34,F,10,13,14,26910.0,5,7.229999781,1.0,0.0,0.01858045336306206,1.4459999562,,0.0
776603,2017-08-23,2017-08-23,936,115531,30-34,F,2,3,6,506.0,0,0.0,1.0,0.0,0.0,,,
776615,2017-08-23,2017-08-23,936,115533,45-49,M,63,66,68,11988.0,3,4.269999862,1.0,0.0,0.025025025025025023,1.4233332873333333,,0.0
776623,2017-08-23,2017-08-23,936,115535,45-49,M,64,69,65,19353.0,6,9.4799999,1.0,1.0,0.031002945279801578,1.5799999833333331,9.4799999,16.666666666666664
776631,2017-08-23,2017-08-23,936,115536,40-44,M,29,35,33,10960.0,2,2.890000105,1.0,0.0,0.01824817518248175,1.4450000525,,0.0
776643,2017-08-23,2017-08-23,936,115538,30-34,M,15,18,18,33491.0,6,10.56999969,2.0,1.0,0.017915260816338718,1.761666615,10.56999969,16.666666666666664
776644,2017-08-23,2017-08-23,936,115538,30-34,M,15,21,20,20083.0,2,3.200000048,2.0,1.0,0.009958671513220135,1.600000024,3.200000048,50.0
776659,2017-08-23,2017-08-23,936,115541,30-34,M,16,19,22,8817.0,0,0.0,1.0,1.0,0.0,,0.0,
776661,2017-08-23,2017-08-23,936,115541,30-34,M,16,18,22,15466.0,1,0.970000029,1.0,0.0,0.006465795939480151,0.970000029,,0.0
776662,2017-08-22,2017-08-22,936,115541,30-34,M,16,18,22,27072.0,3,4.370000005,1.0,0.0,0.011081560283687944,1.4566666683333331,,0.0
776663,2017-08-22,2017-08-22,936,115541,30-34,M,16,19,22,15753.0,1,0.569999993,1.0,1.0,0.006347997206881229,0.569999993,0.569999993,100.0
776668,2017-08-22,2017-08-22,936,115542,40-44,M,19,21,24,3523.0,1,1.809999943,1.0,1.0,0.02838489923360772,1.809999943,1.809999943,100.0
776685,2017-08-22,2017-08-22,936,115545,40-44,M,16,22,17,7745.0,0,0.0,1.0,0.0,0.0,,,
776686,2017-08-22,2017-08-22,936,115545,40-44,M,16,17,21,18709.0,2,3.319999933,1.0,0.0,0.010690042225666791,1.6599999665,,0.0
776687,2017-08-23,2017-08-23,936,115545,40-44,M,16,20,20,8022.0,0,0.0,2.0,1.0,0.0,,0.0,
776696,2017-08-22,2017-08-22,936,115547,30-34,M,10,11,12,7966.0,1,1.179999948,1.0,1.0,0.012553351744915892,1.179999948,1.179999948,100.0
776697,2017-08-22,2017-08-22,936,115547,30-34,M,10,14,13,4132.0,0,0.0,1.0,1.0,0.0,,0.0,
776698,2017-08-22,2017-08-22,936,115547,30-34,M,10,14,16,12785.0,3,4.730000019,2.0,1.0,0.023464998044583497,1.576666673,4.730000019,33.33333333333333
776699,2017-08-27,2017-08-27,936,115547,30-34,M,10,16,16,8213.0,1,1.379999995,1.0,1.0,0.0121758188238159,1.379999995,1.379999995,100.0
776722,2017-08-27,2017-08-27,936,115551,30-34,M,2,4,7,545.0,0,0.0,1.0,1.0,0.0,,0.0,
776725,2017-08-22,2017-08-22,936,115552,40-44,M,23,26,27,2479.0,1,1.25999999,1.0,0.0,0.04033884630899556,1.25999999,,0.0
776780,2017-08-22,2017-08-22,936,115561,40-44,M,2,4,3,3812.0,2,3.049999952,1.0,0.0,0.05246589716684155,1.524999976,,0.0
776793,2017-08-22,2017-08-22,936,115563,45-49,M,21,23,26,1609.0,0,0.0,1.0,0.0,0.0,,,
776799,2017-08-22,2017-08-22,936,115564,45-49,M,20,22,26,10257.0,3,3.579999924,1.0,1.0,0.029248318221702253,1.193333308,3.579999924,33.33333333333333
776817,2017-08-22,2017-08-22,936,115567,40-44,M,10,14,16,12356.0,4,6.279999971,1.0,0.0,0.03237293622531564,1.56999999275,,0.0
776825,2017-08-23,2017-08-23,936,115568,45-49,M,18,23,20,7410.0,1,1.210000038,1.0,0.0,0.013495276653171389,1.210000038,,0.0
776829,2017-08-23,2017-08-23,936,115569,45-49,M,16,20,19,140098.0,28,46.63000011,1.0,0.0,0.0199860097931448,1.6653571467857142,,0.0
776831,2017-08-22,2017-08-22,936,115569,45-49,M,16,18,20,107021.0,20,34.44000012,1.0,0.0,0.018687921062221433,1.722000006,,0.0
776840,2017-08-22,2017-08-22,936,115571,35-39,M,36,38,40,2797.0,1,1.289999962,1.0,0.0,0.03575259206292456,1.289999962,,0.0
776861,2017-08-22,2017-08-22,936,115574,45-49,M,7,9,12,16461.0,6,9.21999979,1.0,0.0,0.03644979041370512,1.5366666316666666,,0.0
776892,2017-08-30,2017-08-30,936,115580,40-44,M,63,66,69,17488.0,5,7.719999909,1.0,0.0,0.028591033851784083,1.5439999818,,0.0
776928,2017-08-30,2017-08-30,936,115586,35-39,M,10,11,15,9750.0,2,1.5,1.0,1.0,0.020512820512820513,0.75,1.5,50.0
776935,2017-08-30,2017-08-30,936,115587,45-49,M,36,41,38,1136.0,0,0.0,1.0,1.0,0.0,,0.0,
777105,2017-08-30,2017-08-30,936,115615,45-49,M,63,67,67,4333.0,1,0.180000007,1.0,1.0,0.02307869836141242,0.180000007,0.180000007,100.0
777130,2017-08-30,2017-08-30,936,115619,35-39,M,16,21,22,6260.0,0,0.0,1.0,0.0,0.0,,,
777131,2017-08-22,2017-08-22,936,115619,35-39,M,16,19,21,6359.0,0,0.0,1.0,0.0,0.0,,,
777166,2017-08-30,2017-08-30,936,115625,30-34,M,63,69,65,2383.0,0,0.0,1.0,1.0,0.0,,0.0,
777187,2017-08-30,2017-08-30,936,115629,40-44,M,27,31,28,11292.0,3,5.389999866,1.0,1.0,0.026567481402763018,1.796666622,5.389999866,33.33333333333333
777198,2017-08-30,2017-08-30,936,115631,30-34,M,64,70,69,12729.0,4,5.779999852,1.0,0.0,0.031424306701233404,1.444999963,,0.0
777200,2017-08-23,2017-08-23,936,115631,30-34,M,64,69,70,1898.0,0,0.0,1.0,1.0,0.0,,0.0,
777201,2017-08-23,2017-08-23,936,115631,30-34,M,64,69,65,1882.0,0,0.0,1.0,1.0,0.0,,0.0,
777235,2017-08-24,2017-08-24,936,115637,30-34,M,65,66,67,2883.0,1,0.99000001,1.0,1.0,0.0346860908775581,0.99000001,0.99000001,100.0
777248,2017-08-24,2017-08-24,936,115639,30-34,F,7,9,10,3989.0,1,1.279999971,1.0,0.0,0.0250689395838556,1.279999971,,0.0
777261,2017-08-24,2017-08-24,936,115641,40-44,M,29,31,34,19603.0,4,5.279999971,1.0,1.0,0.020405040044891087,1.31999999275,5.279999971,25.0
777382,2017-08-25,2017-08-25,936,115675,40-44,M,24,26,27,3047.0,1,1.379999995,1.0,0.0,0.03281916639317361,1.379999995,,0.0
777398,2017-08-25,2017-08-25,936,115677,35-39,M,24,27,30,3029.0,1,1.049999952,1.0,1.0,0.033014196104324864,1.049999952,1.049999952,100.0
777410,2017-08-25,2017-08-25,936,115679,45-49,M,26,29,28,3490.0,1,1.340000033,1.0,1.0,0.028653295128939826,1.340000033,1.340000033,100.0
777482,2017-08-25,2017-08-25,936,115691,45-49,M,28,32,32,2479.0,0,0.0,1.0,0.0,0.0,,,
777495,2017-08-25,2017-08-25,936,115693,40-44,M,19,25,25,19581.0,7,10.42999983,2.0,0.0,0.0357489402992697,1.4899999757142857,,0.0
777519,2017-08-24,2017-08-24,936,115697,45-49,M,29,34,32,19537.0,5,6.099999905,1.0,0.0,0.025592465578133796,1.219999981,,0.0
777625,2017-08-24,2017-08-24,936,115715,45-49,M,16,17,19,59433.0,12,19.65999949,3.0,0.0,0.020190803089192872,1.6383332908333335,,0.0
777627,2017-08-23,2017-08-23,936,115715,45-49,M,16,17,19,157534.0,33,56.19000077,2.0,0.0,0.020947858874909544,1.702727296060606,,0.0
777638,2017-08-23,2017-08-23,936,115717,40-44,M,7,10,12,1781.0,0,0.0,1.0,1.0,0.0,,0.0,
777670,2017-08-23,2017-08-23,936,115723,40-44,M,16,19,19,23769.0,4,6.029999852,1.0,0.0,0.016828642349278472,1.507499963,,0.0
777673,2017-08-23,2017-08-23,936,115723,40-44,M,16,18,17,7101.0,0,0.0,1.0,0.0,0.0,,,
777742,2017-08-23,2017-08-23,936,115735,35-39,M,64,69,68,4726.0,1,1.830000043,1.0,1.0,0.021159542953872196,1.830000043,1.830000043,100.0
777758,2017-08-24,2017-08-24,936,115737,30-34,M,19,20,20,5209.0,1,0.959999979,2.0,0.0,0.01919754271453254,0.959999979,,0.0
777794,2017-08-24,2017-08-24,936,115743,30-34,M,18,23,24,13473.0,3,2.619999945,3.0,0.0,0.0222667557336896,0.873333315,,0.0
777816,2017-08-23,2017-08-23,936,115747,40-44,M,2,7,7,500.0,0,0.0,1.0,1.0,0.0,,0.0,
777871,2017-08-23,2017-08-23,936,115756,30-34,M,20,26,23,4616.0,1,1.360000014,1.0,0.0,0.02166377816291161,1.360000014,,0.0
777904,2017-08-30,2017-08-30,936,115762,30-34,M,31,32,33,3279.0,0,0.0,1.0,0.0,0.0,,,
777905,2017-08-30,2017-08-30,936,115762,30-34,M,31,36,36,3288.0,0,0.0,1.0,0.0,0.0,,,
778037,2017-08-28,2017-08-28,936,115784,35-39,M,27,29,28,14615.0,4,6.050000191,1.0,0.0,0.027369141293191925,1.51250004775,,0.0
778048,2017-08-28,2017-08-28,936,115786,30-34,M,27,28,29,56615.0,12,19.88000035,2.0,0.0,0.021195796167093526,1.6566666958333334,,0.0
778085,2017-08-28,2017-08-28,936,115792,30-34,M,26,32,31,11735.0,3,4.529999971,1.0,1.0,0.025564550489987216,1.5099999903333332,4.529999971,33.33333333333333
778087,2017-08-28,2017-08-28,936,115792,30-34,M,26,30,32,15910.0,5,6.779999852,1.0,0.0,0.03142677561282212,1.3559999704,,0.0
778112,2017-08-28,2017-08-28,936,115796,35-39,M,29,33,35,11446.0,2,3.090000033,1.0,1.0,0.017473353136466887,1.5450000165,3.090000033,50.0
778113,2017-08-28,2017-08-28,936,115796,35-39,M,29,35,35,4595.0,0,0.0,1.0,0.0,0.0,,,
778124,2017-08-28,2017-08-28,936,115798,30-34,M,29,34,32,4871.0,0,0.0,1.0,0.0,0.0,,,
778148,2017-08-28,2017-08-28,936,115802,35-39,M,28,32,30,3199.0,0,0.0,1.0,0.0,0.0,,,
778156,2017-08-28,2017-08-28,936,115804,30-34,M,28,32,31,9388.0,2,3.140000105,1.0,0.0,0.021303792074989347,1.5700000525,,0.0
778161,2017-08-27,2017-08-27,936,115804,30-34,M,28,31,33,17954.0,6,7.5400002,2.0,1.0,0.03341873677175003,1.2566667,7.5400002,16.666666666666664
778208,2017-08-27,2017-08-27,936,115812,40-44,F,29,32,32,2755.0,0,0.0,1.0,0.0,0.0,,,
778264,2017-08-27,2017-08-27,936,115822,40-44,F,27,31,30,8152.0,1,0.99000001,1.0,0.0,0.01226692836113837,0.99000001,,0.0
778266,2017-08-27,2017-08-27,936,115822,40-44,F,27,32,28,74542.0,19,34.1500001,1.0,0.0,0.025488986074964446,1.7973684263157894,,0.0
778421,2017-08-27,2017-08-27,936,115848,40-44,F,20,21,23,6699.0,2,3.090000033,1.0,0.0,0.02985520226899537,1.5450000165,,0.0
778422,2017-08-27,2017-08-27,936,115848,40-44,F,20,25,24,11911.0,4,3.959999919,1.0,0.0,0.033582402820921835,0.98999997975,,0.0
778461,2017-08-27,2017-08-27,936,115854,40-44,M,29,35,33,10090.0,2,2.650000095,1.0,1.0,0.019821605550049554,1.3250000475,2.650000095,50.0
778471,2017-08-27,2017-08-27,936,115856,30-34,M,32,35,36,1273.0,0,0.0,1.0,1.0,0.0,,0.0,
778483,2017-08-27,2017-08-27,936,115858,40-44,F,18,24,20,24188.0,5,8.179999828,1.0,0.0,0.020671407309409626,1.6359999656,,0.0
778529,2017-08-27,2017-08-27,936,115866,30-34,M,31,35,33,2214.0,0,0.0,1.0,0.0,0.0,,,
778556,2017-08-28,2017-08-28,936,115870,40-44,M,32,35,38,9735.0,4,4.130000114,1.0,1.0,0.04108885464817669,1.0325000285,4.130000114,25.0
778590,2017-08-28,2017-08-28,936,115876,30-34,M,30,36,36,1371.0,0,0.0,1.0,1.0,0.0,,0.0,
778600,2017-08-29,2017-08-29,936,115878,40-44,F,22,23,25,10750.0,4,5.389999866,1.0,0.0,0.037209302325581395,1.3474999665,,0.0
778626,2017-08-29,2017-08-29,936,115882,30-34,M,29,33,35,7629.0,1,0.720000029,1.0,1.0,0.013107877834578582,0.720000029,0.720000029,100.0
778628,2017-08-29,2017-08-29,936,115882,30-34,M,29,35,30,4608.0,0,0.0,1.0,0.0,0.0,,,
778674,2017-08-29,2017-08-29,936,115890,35-39,M,29,31,30,3732.0,0,0.0,1.0,0.0,0.0,,,
778689,2017-08-30,2017-08-30,936,115892,30-34,M,28,32,32,7453.0,1,1.679999948,1.0,1.0,0.013417415805715819,1.679999948,1.679999948,100.0
778722,2017-08-30,2017-08-30,936,115898,35-39,F,64,70,67,41785.0,14,19.10000038,1.0,0.0,0.033504846236687806,1.3642857414285714,,0.0
778737,2017-08-30,2017-08-30,936,115900,35-39,M,27,32,30,8077.0,2,3.579999924,1.0,1.0,0.02476166893648632,1.789999962,3.579999924,50.0
778756,2017-08-30,2017-08-30,936,115904,35-39,F,63,65,65,5602.0,1,1.580000043,1.0,0.0,0.01785076758300607,1.580000043,,0.0
778804,2017-08-30,2017-08-30,936,115912,30-34,M,26,29,29,6184.0,2,2.75,1.0,1.0,0.03234152652005175,1.375,2.75,50.0
778808,2017-08-29,2017-08-29,936,115912,30-34,M,26,28,29,1738.0,0,0.0,1.0,0.0,0.0,,,
778964,2017-08-29,2017-08-29,936,115938,35-39,F,27,33,28,112460.0,25,41.29000068,1.0,0.0,0.0222301262671172,1.6516000272,,0.0
779057,2017-08-29,2017-08-29,936,115954,40-44,M,15,21,21,4414.0,0,0.0,1.0,0.0,0.0,,,
779106,2017-08-28,2017-08-28,936,115962,35-39,F,30,35,36,14670.0,7,9.410000324,1.0,0.0,0.047716428084526245,1.3442857605714287,,0.0
779438,2017-08-28,2017-08-28,936,116031,30-34,F,64,66,69,33144.0,9,13.40999985,1.0,0.0,0.02715423606082549,1.4899999833333333,,0.0
779453,2017-08-29,2017-08-29,936,116033,45-49,M,64,68,70,4397.0,1,0.949999988,1.0,0.0,0.02274277916761428,0.949999988,,0.0
779488,2017-08-29,2017-08-29,936,116039,45-49,M,65,68,69,1006.0,0,0.0,1.0,0.0,0.0,,,
779573,2017-08-29,2017-08-29,936,116053,35-39,F,10,13,16,89527.0,24,32.28999996,1.0,0.0,0.02680755526265819,1.3454166650000001,,0.0
779608,2017-08-29,2017-08-29,936,116059,35-39,F,15,18,16,2459.0,0,0.0,1.0,0.0,0.0,,,
779609,2017-08-29,2017-08-29,936,116059,35-39,F,15,20,18,7116.0,2,1.730000019,1.0,1.0,0.028105677346824058,0.8650000095,1.730000019,50.0
779622,2017-08-29,2017-08-29,936,116061,30-34,F,15,18,17,8613.0,1,0.889999986,2.0,0.0,0.011610356437942644,0.889999986,,0.0
779631,2017-08-19,2017-08-19,936,116063,35-39,F,16,19,18,9730.0,1,1.379999995,1.0,0.0,0.010277492291880781,1.379999995,,0.0
779644,2017-08-19,2017-08-19,936,116065,30-34,F,16,20,20,51816.0,8,10.2299999,2.0,1.0,0.015439246564767639,1.2787499875,10.2299999,12.5
779645,2017-08-22,2017-08-22,936,116065,30-34,F,16,21,20,27289.0,3,4.429999828,1.0,0.0,0.010993440580453663,1.4766666093333332,,0.0
779715,2017-08-22,2017-08-22,936,116077,30-34,F,29,32,33,20409.0,4,3.829999924,1.0,0.0,0.019599196432946248,0.957499981,,0.0
779716,2017-08-22,2017-08-22,936,116077,30-34,F,29,32,34,8044.0,1,1.110000014,1.0,0.0,0.012431626056688214,1.110000014,,0.0
779738,2017-08-22,2017-08-22,936,116081,30-34,F,28,32,33,15645.0,4,5.349999905,1.0,0.0,0.02556727388942154,1.33749997625,,0.0
779778,2017-08-22,2017-08-22,936,116087,30-34,F,31,37,34,2466.0,0,0.0,2.0,2.0,0.0,,0.0,
779789,2017-08-22,2017-08-22,936,116089,45-49,M,10,14,13,11611.0,3,3.950000048,1.0,1.0,0.025837567823615536,1.3166666826666666,3.950000048,33.33333333333333
779824,2017-08-22,2017-08-22,936,116095,45-49,M,7,13,9,9375.0,3,4.019999981,1.0,0.0,0.032,1.3399999936666667,,0.0
779871,2017-08-22,2017-08-22,936,116103,30-34,F,32,37,34,4402.0,1,1.330000043,1.0,1.0,0.022716946842344387,1.330000043,1.330000043,100.0
779918,2017-08-22,2017-08-22,936,116111,30-34,F,18,23,24,8469.0,2,3.089999914,1.0,0.0,0.02361553902467824,1.544999957,,0.0
779922,2017-08-22,2017-08-22,936,116111,30-34,F,18,22,24,5823.0,1,1.419999957,1.0,1.0,0.01717327837884252,1.419999957,1.419999957,100.0
779944,2017-08-21,2017-08-21,936,116115,35-39,M,10,13,16,2549.0,0,0.0,1.0,0.0,0.0,,,
779979,2017-08-21,2017-08-21,936,116121,35-39,M,16,17,21,25817.0,4,6.019999981,1.0,0.0,0.015493666963628618,1.50499999525,,0.0
779995,2017-08-21,2017-08-21,936,116123,30-34,F,20,24,25,1961.0,0,0.0,1.0,0.0,0.0,,,
780064,2017-08-21,2017-08-21,936,116135,30-34,F,22,24,25,2554.0,0,0.0,1.0,0.0,0.0,,,
780104,2017-08-21,2017-08-21,936,116147,30-34,F,25,27,26,4971.0,1,1.230000019,1.0,1.0,0.020116676725005028,1.230000019,1.230000019,100.0
780199,2017-08-22,2017-08-22,936,116163,35-39,F,23,28,27,1030.0,0,0.0,1.0,1.0,0.0,,0.0,
780318,2017-08-22,2017-08-22,936,116183,45-49,F,29,32,31,162341.0,56,77.07999969,3.0,0.0,0.034495290776821626,1.376428565892857,,0.0
780323,2017-08-21,2017-08-21,936,116183,45-49,F,29,35,34,24542.0,7,9.329999924,1.0,0.0,0.028522532800912718,1.3328571319999998,,0.0
780486,2017-08-21,2017-08-21,936,116216,30-34,F,65,69,71,2879.0,0,0.0,1.0,1.0,0.0,,0.0,
780498,2017-08-22,2017-08-22,936,116218,30-34,F,64,65,68,13621.0,3,4.090000033,1.0,0.0,0.02202481462447691,1.3633333443333333,,0.0
780511,2017-08-23,2017-08-23,936,116220,30-34,F,63,65,66,6175.0,1,1.370000005,2.0,1.0,0.016194331983805668,1.370000005,1.370000005,100.0
780629,2017-08-24,2017-08-24,936,116240,30-34,F,28,34,34,2963.0,0,0.0,1.0,0.0,0.0,,,
780653,2017-08-24,2017-08-24,936,116244,30-34,F,29,33,35,9076.0,1,1.379999995,1.0,1.0,0.011018069634200088,1.379999995,1.379999995,100.0
780655,2017-08-24,2017-08-24,936,116244,30-34,F,29,33,34,20941.0,4,5.909999967,1.0,1.0,0.019101284561386753,1.47749999175,5.909999967,25.0
780666,2017-08-24,2017-08-24,936,116246,45-49,F,10,13,13,3462.0,0,0.0,1.0,0.0,0.0,,,
780681,2017-08-24,2017-08-24,936,116248,30-34,F,26,29,29,4073.0,0,0.0,1.0,1.0,0.0,,0.0,
780700,2017-08-18,2017-08-18,936,116252,30-34,F,27,33,30,3745.0,0,0.0,1.0,0.0,0.0,,,
780748,2017-08-18,2017-08-18,936,116265,30-34,F,24,26,28,830.0,0,0.0,1.0,0.0,0.0,,,
780759,2017-08-18,2017-08-18,936,116267,45-49,F,18,24,22,2912.0,0,0.0,1.0,0.0,0.0,,,
780760,2017-08-24,2017-08-24,936,116267,45-49,F,18,23,22,17167.0,5,6.910000086,1.0,0.0,0.029125648045669014,1.3820000172,,0.0
780797,2017-08-24,2017-08-24,936,116273,30-34,F,22,25,25,24491.0,7,9.539999962,1.0,0.0,0.028581928055203952,1.3628571374285714,,0.0
780799,2017-08-23,2017-08-23,936,116273,30-34,F,22,24,26,44699.0,13,17.30000037,2.0,0.0,0.029083424685115995,1.3307692592307692,,0.0
780821,2017-08-23,2017-08-23,936,116277,30-34,F,23,24,25,6469.0,2,1.309999943,1.0,0.0,0.030916679548616478,0.6549999715,,0.0
780830,2017-08-23,2017-08-23,936,116279,45-49,F,16,17,17,16053.0,3,4.079999924,1.0,1.0,0.018688095683049896,1.3599999746666667,4.079999924,33.33333333333333
780835,2017-08-23,2017-08-23,936,116279,45-49,F,16,21,21,54724.0,12,17.92999995,1.0,1.0,0.02192822162122652,1.4941666624999999,17.92999995,8.333333333333332
780867,2017-08-23,2017-08-23,936,116285,30-34,F,21,27,26,4706.0,1,1.220000029,1.0,0.0,0.021249468763280918,1.220000029,,0.0
780974,2017-08-23,2017-08-23,936,116303,40-44,F,32,38,36,8316.0,3,4.569999933,1.0,1.0,0.03607503607503607,1.523333311,4.569999933,33.33333333333333
781066,2017-08-23,2017-08-23,936,116323,40-44,F,22,26,25,5794.0,2,2.269999981,1.0,0.0,0.03451846738004832,1.1349999905,,0.0
781114,2017-08-23,2017-08-23,936,116331,40-44,F,18,24,22,4813.0,1,1.029999971,1.0,0.0,0.02077706212341575,1.029999971,,0.0
781159,2017-08-23,2017-08-23,936,116339,40-44,F,10,15,11,85285.0,26,36.13000035,1.0,0.0,0.03048601747083309,1.3896153980769232,,0.0
781162,2017-08-21,2017-08-21,936,116339,40-44,F,10,11,13,5839.0,1,1.370000005,1.0,0.0,0.017126220243192325,1.370000005,,0.0
781175,2017-08-21,2017-08-21,936,116341,40-44,F,15,16,21,5859.0,1,1.539999962,1.0,0.0,0.017067759003242877,1.539999962,,0.0
781187,2017-08-18,2017-08-18,936,116343,40-44,F,16,22,19,164118.0,41,59.06999993,1.0,0.0,0.024982025128261375,1.4407317056097562,,0.0
781195,2017-08-18,2017-08-18,936,116345,35-39,F,63,67,69,18234.0,6,7.810000062,1.0,0.0,0.03290556103981573,1.301666677,,0.0
781207,2017-08-18,2017-08-18,936,116347,35-39,F,64,67,70,2755.0,0,0.0,1.0,0.0,0.0,,,
781303,2017-08-19,2017-08-19,936,116363,35-39,F,27,29,30,73676.0,20,28.5,1.0,0.0,0.027145881969705195,1.425,,0.0
781305,2017-08-19,2017-08-19,936,116363,35-39,F,27,30,28,18421.0,7,10.07999992,1.0,0.0,0.03800010857173878,1.4399999885714287,,0.0
781327,2017-08-19,2017-08-19,936,116367,35-39,F,29,35,35,164754.0,49,67.97999978,2.0,1.0,0.02974131128834505,1.3873469342857143,67.97999978,2.0408163265306123
781353,2017-08-19,2017-08-19,936,116371,35-39,F,10,13,15,7449.0,1,1.639999986,1.0,1.0,0.013424620754463686,1.639999986,1.639999986,100.0
781354,2017-08-19,2017-08-19,936,116371,35-39,F,10,14,16,6424.0,1,0.529999971,1.0,0.0,0.015566625155666251,0.529999971,,0.0
781438,2017-08-18,2017-08-18,936,116385,30-34,M,63,65,68,2086.0,0,0.0,1.0,0.0,0.0,,,
781470,2017-08-18,2017-08-18,936,116391,35-39,M,16,17,18,6016.0,0,0.0,1.0,0.0,0.0,,,
781499,2017-08-18,2017-08-18,936,116395,35-39,M,15,21,20,6412.0,1,1.370000005,1.0,0.0,0.015595757953836557,1.370000005,,0.0
781508,2017-08-24,2017-08-24,936,116397,30-34,F,63,68,64,5040.0,1,1.440000057,1.0,0.0,0.01984126984126984,1.440000057,,0.0
781556,2017-08-24,2017-08-24,936,116405,30-34,F,32,37,36,1772.0,0,0.0,1.0,0.0,0.0,,,
781559,2017-08-18,2017-08-18,936,116405,30-34,F,32,38,34,1783.0,0,0.0,1.0,0.0,0.0,,,
781606,2017-08-18,2017-08-18,936,116413,35-39,M,20,21,24,8200.0,3,3.919999957,1.0,0.0,0.036585365853658534,1.3066666523333332,,0.0
781690,2017-08-18,2017-08-18,936,116427,45-49,F,26,28,30,115896.0,38,49.44000006,1.0,0.0,0.03278801684268655,1.3010526331578949,,0.0
781811,2017-08-18,2017-08-18,936,116447,35-39,F,16,17,22,10186.0,1,1.230000019,1.0,1.0,0.0098173964264677,1.230000019,1.230000019,100.0
781857,2017-08-18,2017-08-18,936,116455,30-34,M,20,21,24,9134.0,3,4.180000067,2.0,0.0,0.032844317932997594,1.3933333556666667,,0.0
781858,2017-08-18,2017-08-18,936,116455,30-34,M,20,25,22,3385.0,1,1.440000057,1.0,1.0,0.029542097488921712,1.440000057,1.440000057,100.0
781907,2017-08-19,2017-08-19,936,116463,45-49,F,21,27,23,1314.0,0,0.0,1.0,0.0,0.0,,,
781928,2017-08-19,2017-08-19,936,116467,30-34,M,18,21,22,2916.0,0,0.0,1.0,1.0,0.0,,0.0,
781929,2017-08-20,2017-08-20,936,116467,30-34,M,18,21,21,6142.0,1,1.330000043,1.0,0.0,0.0162813415825464,1.330000043,,0.0
781950,2017-08-20,2017-08-20,936,116471,30-34,F,20,26,21,1984.0,0,0.0,1.0,0.0,0.0,,,
781999,2017-08-20,2017-08-20,936,116479,30-34,M,24,30,29,9142.0,3,3.749999881,1.0,0.0,0.03281557646029316,1.2499999603333334,,0.0
782001,2017-08-20,2017-08-20,936,116479,30-34,M,24,30,28,5475.0,2,2.730000019,1.0,1.0,0.0365296803652968,1.3650000095,2.730000019,50.0
782022,2017-08-20,2017-08-20,936,116483,30-34,F,18,24,20,8254.0,2,2.320000052,1.0,1.0,0.0242306760358614,1.160000026,2.320000052,50.0
782026,2017-08-21,2017-08-21,936,116483,30-34,F,18,24,20,5704.0,1,1.320000052,1.0,0.0,0.01753155680224404,1.320000052,,0.0
782130,2017-08-21,2017-08-21,936,116501,30-34,F,16,18,21,7301.0,0,0.0,1.0,0.0,0.0,,,
782134,2017-08-21,2017-08-21,936,116501,30-34,F,16,19,21,37873.0,5,6.169999957,1.0,1.0,0.013202017268238586,1.2339999914,6.169999957,20.0
782135,2017-08-20,2017-08-20,936,116501,30-34,F,16,20,17,25267.0,4,4.940000057,2.0,1.0,0.015830925713381093,1.23500001425,4.940000057,25.0
782171,2017-08-20,2017-08-20,936,116507,30-34,F,30,31,32,535.0,0,0.0,1.0,0.0,0.0,,,
782180,2017-08-19,2017-08-19,936,116509,30-34,M,29,34,30,3396.0,0,0.0,1.0,0.0,0.0,,,
782219,2017-08-19,2017-08-19,936,116515,30-34,M,26,27,32,977.0,0,0.0,1.0,0.0,0.0,,,
782228,2017-08-19,2017-08-19,936,116517,40-44,F,63,64,66,12318.0,5,6.340000153,1.0,1.0,0.040591005033284625,1.2680000306,6.340000153,20.0
782242,2017-08-19,2017-08-19,936,116519,30-34,F,28,34,31,4783.0,1,0.860000014,1.0,0.0,0.02090738030524775,0.860000014,,0.0
782275,2017-08-19,2017-08-19,936,116525,30-34,F,29,31,30,6475.0,1,1.350000024,1.0,0.0,0.015444015444015444,1.350000024,,0.0
782337,2017-08-20,2017-08-20,936,116535,45-49,F,16,18,19,104578.0,29,39.25000095,1.0,1.0,0.027730497810246894,1.3534483086206897,39.25000095,3.4482758620689653
782407,2017-08-20,2017-08-20,936,116547,45-49,F,10,12,11,33664.0,11,12.51000035,1.0,0.0,0.03267585551330798,1.137272759090909,,0.0
782443,2017-08-20,2017-08-20,936,116553,40-44,F,20,25,24,979.0,0,0.0,1.0,0.0,0.0,,,
782541,2017-08-20,2017-08-20,936,116569,40-44,F,28,29,30,7337.0,3,4.079999924,1.0,0.0,0.04088864658579801,1.3599999746666667,,0.0
782587,2017-08-18,2017-08-18,936,116577,30-34,M,10,13,16,2499.0,0,0.0,1.0,0.0,0.0,,,
782647,2017-08-18,2017-08-18,936,116587,40-44,F,27,33,30,11244.0,3,4.550000191,1.0,0.0,0.026680896478121666,1.5166667303333332,,0.0
782658,2017-08-23,2017-08-23,936,116589,30-34,M,15,17,19,4827.0,0,0.0,1.0,0.0,0.0,,,
782694,2017-08-23,2017-08-23,936,116595,35-39,F,29,31,35,29035.0,7,8.910000086,2.0,2.0,0.024108834165662132,1.2728571551428571,4.455000043,28.57142857142857
782706,2017-08-23,2017-08-23,936,116597,35-39,F,30,32,32,761.0,0,0.0,1.0,0.0,0.0,,,
782754,2017-08-23,2017-08-23,936,116605,35-39,F,26,31,32,6532.0,1,1.610000014,1.0,0.0,0.015309246785058175,1.610000014,,0.0
782815,2017-08-23,2017-08-23,936,116615,40-44,F,10,16,15,11537.0,3,4.300000191,1.0,0.0,0.026003293750541737,1.433333397,,0.0
782816,2017-08-23,2017-08-23,936,116615,40-44,F,10,13,11,12183.0,3,2.869999945,1.0,0.0,0.02462447672986949,0.9566666483333334,,0.0
782862,2017-08-23,2017-08-23,936,116623,35-39,F,64,70,67,5912.0,1,1.559999943,1.0,1.0,0.016914749661705007,1.559999943,1.559999943,100.0
950068,2017-08-23,2017-08-23,936,123438,30-34,M,10,12,13,4012.0,1,1.570000052,1.0,0.0,0.024925224327018942,1.570000052,,0.0
950078,2017-08-22,2017-08-22,936,123440,30-34,M,16,22,17,12396.0,2,3.210000038,2.0,1.0,0.016134236850596968,1.605000019,3.210000038,50.0
950079,2017-08-22,2017-08-22,936,123440,30-34,M,16,20,22,3142.0,0,0.0,2.0,2.0,0.0,,0.0,
950099,2017-08-22,2017-08-22,936,123443,30-34,M,18,23,23,1120.0,0,0.0,1.0,0.0,0.0,,,
950109,2017-08-22,2017-08-22,936,123445,30-34,M,20,24,22,343.0,0,0.0,1.0,1.0,0.0,,0.0,
950170,2017-08-22,2017-08-22,936,123455,30-34,M,15,19,16,1720.0,0,0.0,1.0,1.0,0.0,,0.0,
950179,2017-08-22,2017-08-22,936,123457,30-34,M,16,22,19,3423.0,0,0.0,1.0,1.0,0.0,,0.0,
950182,2017-08-22,2017-08-22,936,123457,30-34,M,16,20,19,3242.0,0,0.0,1.0,0.0,0.0,,,
950183,2017-08-22,2017-08-22,936,123457,30-34,M,16,22,19,15720.0,1,1.379999995,1.0,0.0,0.006361323155216285,1.379999995,,0.0
950200,2017-08-22,2017-08-22,936,123460,30-34,M,10,13,15,1217.0,0,0.0,1.0,1.0,0.0,,0.0,
950224,2017-08-22,2017-08-22,936,123464,40-44,M,20,21,23,2367.0,2,2.839999914,1.0,1.0,0.08449514152936206,1.419999957,2.839999914,50.0
950326,2017-08-22,2017-08-22,936,123481,35-39,M,16,19,22,6607.0,1,1.320000052,2.0,0.0,0.015135462388375966,1.320000052,,0.0
950345,2017-08-23,2017-08-23,936,123484,30-34,M,64,66,65,616.0,0,0.0,1.0,0.0,0.0,,,
950452,2017-08-23,2017-08-23,936,123502,45-49,M,16,22,22,5537.0,1,1.519999981,1.0,0.0,0.018060321473722232,1.519999981,,0.0
950463,2017-08-19,2017-08-19,936,123504,45-49,M,15,19,18,818.0,0,0.0,1.0,0.0,0.0,,,
950495,2017-08-19,2017-08-19,936,123509,45-49,M,21,25,25,1909.0,1,0.980000019,1.0,0.0,0.05238344683080147,0.980000019,,0.0
950521,2017-08-18,2017-08-18,936,123514,30-34,M,21,27,25,351.0,0,0.0,1.0,0.0,0.0,,,
950531,2017-08-19,2017-08-19,936,123515,45-49,M,22,24,26,572.0,0,0.0,1.0,0.0,0.0,,,
950537,2017-08-19,2017-08-19,936,123516,40-44,M,36,41,40,1884.0,1,1.409999967,1.0,0.0,0.05307855626326964,1.409999967,,0.0
950550,2017-08-19,2017-08-19,936,123519,30-34,M,30,35,36,219.0,0,0.0,1.0,0.0,0.0,,,
950577,2017-08-19,2017-08-19,936,123523,30-34,M,32,38,34,540.0,0,0.0,1.0,1.0,0.0,,0.0,
950578,2017-08-19,2017-08-19,936,123523,30-34,M,32,37,37,550.0,0,0.0,1.0,0.0,0.0,,,
950595,2017-08-18,2017-08-18,936,123526,30-34,M,26,30,31,465.0,0,0.0,1.0,0.0,0.0,,,
950609,2017-08-18,2017-08-18,936,123528,30-34,M,29,31,35,1761.0,0,0.0,1.0,1.0,0.0,,0.0,
950629,2017-08-23,2017-08-23,936,123532,30-34,M,65,67,68,152.0,0,0.0,1.0,1.0,0.0,,0.0,
950631,2017-08-23,2017-08-23,936,123532,30-34,M,65,70,70,152.0,0,0.0,1.0,1.0,0.0,,0.0,
950649,2017-08-23,2017-08-23,936,123535,30-34,M,64,67,70,429.0,0,0.0,1.0,0.0,0.0,,,
950745,2017-08-18,2017-08-18,936,123551,30-34,M,29,32,31,1514.0,0,0.0,2.0,2.0,0.0,,0.0,
950770,2017-08-18,2017-08-18,936,123555,30-34,M,28,31,30,7780.0,3,4.329999924,2.0,2.0,0.038560411311053984,1.443333308,2.164999962,66.66666666666666
950772,2017-08-18,2017-08-18,936,123556,35-39,M,28,30,33,460.0,0,0.0,1.0,0.0,0.0,,,
950773,2017-08-18,2017-08-18,936,123556,35-39,M,28,29,32,471.0,0,0.0,1.0,0.0,0.0,,,
950776,2017-08-18,2017-08-18,936,123556,35-39,M,28,29,32,2633.0,1,1.070000052,1.0,0.0,0.0379794910748196,1.070000052,,0.0
950787,2017-08-18,2017-08-18,936,123558,30-34,M,27,32,30,199.0,0,0.0,1.0,0.0,0.0,,,
950808,2017-08-22,2017-08-22,936,123562,35-39,M,32,33,38,398.0,0,0.0,1.0,0.0,0.0,,,
950839,2017-08-22,2017-08-22,936,123567,30-34,M,24,29,25,246.0,0,0.0,2.0,2.0,0.0,,0.0,
950878,2017-08-19,2017-08-19,936,123573,40-44,M,10,11,15,2967.0,1,1.5,1.0,1.0,0.03370407819346141,1.5,1.5,100.0
950969,2017-08-19,2017-08-19,936,123588,45-49,M,36,38,40,255.0,0,0.0,1.0,0.0,0.0,,,
951021,2017-08-19,2017-08-19,936,123597,30-34,F,7,13,9,457.0,0,0.0,1.0,1.0,0.0,,0.0,
951033,2017-08-19,2017-08-19,936,123599,30-34,F,10,13,13,5517.0,1,1.230000019,1.0,0.0,0.018125793003443903,1.230000019,,0.0
951035,2017-08-19,2017-08-19,936,123599,30-34,F,10,15,12,1539.0,0,0.0,1.0,1.0,0.0,,0.0,
951043,2017-08-19,2017-08-19,936,123601,30-34,F,16,22,17,3189.0,0,0.0,1.0,0.0,0.0,,,
951045,2017-08-19,2017-08-19,936,123601,30-34,F,16,20,21,3348.0,0,0.0,1.0,0.0,0.0,,,
951046,2017-08-19,2017-08-19,936,123601,30-34,F,16,18,17,20050.0,4,4.659999847,4.0,1.0,0.019950124688279305,1.16499996175,4.659999847,25.0
951102,2017-08-19,2017-08-19,936,123611,45-49,M,16,18,19,2254.0,0,0.0,1.0,0.0,0.0,,,
951105,2017-08-19,2017-08-19,936,123611,45-49,M,16,20,21,5894.0,1,1.539999962,1.0,1.0,0.0169664065151001,1.539999962,1.539999962,100.0
951133,2017-08-18,2017-08-18,936,123616,35-39,M,16,21,19,9948.0,2,2.720000029,2.0,0.0,0.02010454362685967,1.3600000145,,0.0
951202,2017-08-18,2017-08-18,936,123627,45-49,F,26,29,28,5307.0,3,4.289999962,2.0,1.0,0.05652911249293386,1.4299999873333331,4.289999962,33.33333333333333
951225,2017-08-18,2017-08-18,936,123631,35-39,F,22,28,28,4621.0,2,3.25,1.0,1.0,0.04328067517853278,1.625,3.25,50.0
951270,2017-08-18,2017-08-18,936,123639,35-39,F,18,21,19,784.0,0,0.0,1.0,1.0,0.0,,0.0,
951282,2017-08-18,2017-08-18,936,123641,35-39,F,16,22,17,5775.0,1,1.580000043,1.0,1.0,0.017316017316017316,1.580000043,1.580000043,100.0
951285,2017-08-19,2017-08-19,936,123641,35-39,F,16,20,20,9297.0,2,2.619999886,2.0,1.0,0.021512315800795954,1.309999943,2.619999886,50.0
951294,2017-08-19,2017-08-19,936,123643,35-39,F,15,16,17,699.0,0,0.0,1.0,0.0,0.0,,,
951305,2017-08-19,2017-08-19,936,123644,35-39,F,10,12,13,1104.0,0,0.0,1.0,0.0,0.0,,,
951334,2017-08-18,2017-08-18,936,123649,30-34,F,64,70,69,3717.0,1,1.539999962,1.0,0.0,0.026903416733925208,1.539999962,,0.0
951391,2017-08-19,2017-08-19,936,123659,30-34,F,28,29,33,2879.0,1,1.590000033,2.0,2.0,0.03473428273706148,1.590000033,0.7950000165,200.0
951392,2017-08-20,2017-08-20,936,123659,30-34,F,28,31,32,2749.0,1,1.389999986,1.0,0.0,0.036376864314296105,1.389999986,,0.0
951400,2017-08-21,2017-08-21,936,123660,45-49,F,10,12,15,24028.0,9,12.39000034,2.0,0.0,0.03745630098218745,1.3766667044444445,,0.0
951402,2017-08-21,2017-08-21,936,123661,30-34,F,29,32,31,1118.0,0,0.0,1.0,1.0,0.0,,0.0,
951413,2017-08-21,2017-08-21,936,123662,30-34,F,26,29,27,1083.0,0,0.0,2.0,1.0,0.0,,0.0,
951420,2017-08-21,2017-08-21,936,123664,30-34,F,27,33,32,843.0,0,0.0,1.0,0.0,0.0,,,
951444,2017-08-21,2017-08-21,936,123668,30-34,F,25,28,26,2983.0,1,0.970000029,1.0,0.0,0.03352329869259135,0.970000029,,0.0
951448,2017-08-22,2017-08-22,936,123668,30-34,F,25,30,28,696.0,0,0.0,1.0,0.0,0.0,,,
951462,2017-08-21,2017-08-21,936,123671,45-49,F,16,20,19,7589.0,2,3.150000095,1.0,1.0,0.02635393332454869,1.5750000475,3.150000095,50.0
951464,2017-08-21,2017-08-21,936,123671,45-49,F,16,17,21,20997.0,10,11.94999981,1.0,0.0,0.0476258513120922,1.194999981,,0.0
951465,2017-08-21,2017-08-21,936,123671,45-49,F,16,18,17,4617.0,1,1.360000014,1.0,0.0,0.021659085986571368,1.360000014,,0.0
951498,2017-08-21,2017-08-21,936,123677,45-49,F,20,22,21,259.0,0,0.0,1.0,0.0,0.0,,,
951508,2017-08-21,2017-08-21,936,123678,30-34,F,18,21,22,1134.0,0,0.0,1.0,0.0,0.0,,,
951542,2017-08-20,2017-08-20,936,123684,40-44,F,27,32,28,357.0,0,0.0,1.0,0.0,0.0,,,
951607,2017-08-20,2017-08-20,936,123695,40-44,F,10,15,15,848.0,0,0.0,1.0,1.0,0.0,,0.0,
951608,2017-08-20,2017-08-20,936,123695,40-44,F,10,15,13,3149.0,1,1.480000019,1.0,0.0,0.031756113051762465,1.480000019,,0.0
951641,2017-08-20,2017-08-20,936,123700,40-44,F,2,4,7,87.0,0,0.0,1.0,1.0,0.0,,0.0,
951677,2017-08-20,2017-08-20,936,123706,35-39,F,27,28,31,2563.0,1,1.480000019,1.0,0.0,0.03901677721420211,1.480000019,,0.0
951692,2017-08-21,2017-08-21,936,123709,35-39,F,10,15,14,1107.0,0,0.0,1.0,0.0,0.0,,,
951715,2017-08-20,2017-08-20,936,123713,45-49,F,64,65,65,10677.0,5,7.269999981,1.0,0.0,0.04682963379226374,1.4539999961999999,,0.0
951756,2017-08-20,2017-08-20,936,123720,35-39,F,22,25,26,2189.0,1,0.409999996,1.0,0.0,0.04568296025582458,0.409999996,,0.0
951779,2017-08-20,2017-08-20,936,123723,45-49,F,27,32,29,3277.0,2,2.680000067,1.0,0.0,0.061031431187061336,1.3400000335,,0.0
951782,2017-08-24,2017-08-24,936,123724,45-49,F,26,30,29,781.0,0,0.0,1.0,0.0,0.0,,,
951810,2017-08-24,2017-08-24,936,123729,35-39,F,16,17,22,2226.0,0,0.0,1.0,0.0,0.0,,,
951812,2017-08-29,2017-08-29,936,123729,35-39,F,16,18,18,16274.0,4,6.079999924,2.0,0.0,0.02457908320019663,1.519999981,,0.0
951837,2017-08-29,2017-08-29,936,123733,45-49,F,20,23,23,2077.0,1,1.50999999,1.0,1.0,0.04814636494944632,1.50999999,1.50999999,100.0
951853,2017-08-29,2017-08-29,936,123736,30-34,F,20,23,25,529.0,0,0.0,0.0,0.0,0.0,,,
951854,2017-08-25,2017-08-25,936,123736,30-34,F,20,26,25,487.0,0,0.0,1.0,0.0,0.0,,,
951856,2017-08-25,2017-08-25,936,123736,30-34,F,20,23,21,4626.0,2,2.099999905,2.0,0.0,0.043233895373973194,1.0499999525,,0.0
951941,2017-08-25,2017-08-25,936,123750,30-34,F,28,33,34,2764.0,1,1.559999943,1.0,1.0,0.0361794500723589,1.559999943,1.559999943,100.0
952001,2017-08-25,2017-08-25,936,123760,45-49,F,10,12,13,5447.0,2,2.960000038,1.0,0.0,0.03671745915182669,1.480000019,,0.0
952031,2017-08-25,2017-08-25,936,123765,40-44,F,16,17,17,28169.0,8,12.36999989,1.0,1.0,0.028400014200007102,1.54624998625,12.36999989,12.5
952080,2017-08-29,2017-08-29,936,123774,40-44,F,27,30,30,415.0,0,0.0,1.0,0.0,0.0,,,
952100,2017-08-29,2017-08-29,936,123777,35-39,F,29,31,30,810.0,0,0.0,1.0,1.0,0.0,,0.0,
1121091,2017-08-28,2017-08-28,1178,144531,30-34,M,10,11,15,1194718.0,141,254.049996,28.0,14.0,0.011801948242179327,1.8017730212765957,18.146428285714286,9.929078014184398
1121092,2017-08-28,2017-08-28,1178,144531,30-34,M,10,12,11,637648.0,67,122.4,13.0,5.0,0.010507364564775551,1.826865671641791,24.48,7.462686567164178
1121094,2017-08-28,2017-08-28,1178,144531,30-34,M,10,16,15,24362.0,0,0.0,1.0,1.0,0.0,,0.0,
1121095,2017-08-28,2017-08-28,1178,144531,30-34,M,10,16,12,459690.0,50,86.33000112,5.0,2.0,0.010876895299005852,1.7266000224000002,43.16500056,4.0
1121096,2017-08-28,2017-08-28,1178,144531,30-34,M,10,11,16,750060.0,86,161.9099991,11.0,2.0,0.01146574940671413,1.8826744081395348,80.95499955,2.3255813953488373
1121097,2017-08-29,2017-08-29,1178,144532,30-34,M,15,18,18,30068.0,1,1.820000052,1.0,0.0,0.0033257948649727284,1.820000052,,0.0
1121098,2017-08-29,2017-08-29,1178,144532,30-34,M,15,18,21,1267550.0,123,236.7699986,24.0,10.0,0.009703759220543567,1.924959338211382,23.676999860000002,8.130081300813007
1121100,2017-08-29,2017-08-29,1178,144532,30-34,M,15,20,17,3052003.0,340,639.9499981,60.0,17.0,0.011140224960460392,1.8822058767647059,37.64411753529412,5.0
1121101,2017-08-28,2017-08-28,1178,144532,30-34,M,15,17,21,29945.0,1,1.590000033,2.0,1.0,0.0033394556687259976,1.590000033,1.590000033,100.0
1121102,2017-08-25,2017-08-25,1178,144532,30-34,M,15,18,20,357856.0,30,52.97000015,7.0,3.0,0.008383260305821335,1.7656666716666665,17.656666716666667,10.0
1121104,2017-08-25,2017-08-25,1178,144533,30-34,M,16,20,20,2080666.0,202,360.1500015,40.0,21.0,0.009708429896965683,1.7829207995049503,17.150000071428572,10.396039603960396
1121105,2017-08-26,2017-08-26,1178,144533,30-34,M,16,22,19,145999.0,9,16.5200001,5.0,2.0,0.006164425783738245,1.8355555666666667,8.26000005,22.22222222222222
1121107,2017-08-26,2017-08-26,1178,144533,30-34,M,16,17,19,32616.0,1,1.539999962,2.0,0.0,0.00306597988717194,1.539999962,,0.0
1121108,2017-08-26,2017-08-26,1178,144533,30-34,M,16,20,18,984521.0,95,163.8999972,26.0,14.0,0.00964936248185666,1.7252631284210527,11.707142657142857,14.736842105263156
1121110,2017-08-26,2017-08-26,1178,144534,30-34,M,18,20,22,880814.0,123,210.3600006,6.0,2.0,0.013964355698251843,1.7102439073170732,105.1800003,1.6260162601626018
1121111,2017-08-26,2017-08-26,1178,144534,30-34,M,18,19,21,182452.0,20,35.73000026,4.0,1.0,0.010961787209786683,1.786500013,35.73000026,5.0
1121113,2017-08-27,2017-08-27,1178,144534,30-34,M,18,24,24,894911.0,120,215.8399994,7.0,4.0,0.013409154653367766,1.7986666616666667,53.95999985,3.3333333333333335
1121114,2017-08-27,2017-08-27,1178,144534,30-34,M,18,23,23,31349.0,2,3.800000072,1.0,0.0,0.006379788828989761,1.900000036,,0.0
1121115,2017-08-26,2017-08-26,1178,144535,30-34,M,19,21,21,410310.0,55,96.80000055,3.0,0.0,0.01340449903731325,1.76000001,,0.0
1121116,2017-08-26,2017-08-26,1178,144535,30-34,M,19,20,24,572450.0,89,157.329998,7.0,4.0,0.015547209363263169,1.7677527865168539,39.3324995,4.49438202247191
1121117,2017-08-26,2017-08-26,1178,144535,30-34,M,19,24,25,98759.0,15,26.56999946,1.0,1.0,0.015188489150355918,1.7713332973333331,26.56999946,6.666666666666667
1121119,2017-08-25,2017-08-25,1178,144535,30-34,M,19,21,22,345371.0,54,93.08999991,7.0,3.0,0.015635360235804394,1.7238888872222222,31.029999970000002,5.555555555555555
1121121,2017-08-25,2017-08-25,1178,144536,30-34,M,20,22,25,323899.0,46,78.9200002,5.0,1.0,0.014201958017777148,1.7156521782608696,78.9200002,2.1739130434782608
1121122,2017-08-25,2017-08-25,1178,144536,30-34,M,20,21,25,399199.0,58,103.1500002,3.0,0.0,0.014529094511759799,1.7784482793103447,,0.0
1121123,2017-08-25,2017-08-25,1178,144536,30-34,M,20,24,22,171202.0,22,36.53000021,3.0,1.0,0.01285031716919195,1.6604545549999998,36.53000021,4.545454545454546
1121124,2017-08-26,2017-08-26,1178,144536,30-34,M,20,26,24,128386.0,15,28.85000002,2.0,1.0,0.011683516894365429,1.9233333346666666,28.85000002,6.666666666666667
1121125,2017-08-26,2017-08-26,1178,144536,30-34,M,20,26,24,1034284.0,152,257.7099986,20.0,9.0,0.01469615695495628,1.6954605171052632,28.63444428888889,5.921052631578947
1121126,2017-08-26,2017-08-26,1178,144536,30-34,M,20,21,24,45923.0,5,7.220000148,2.0,0.0,0.010887790431809768,1.4440000296,,0.0
1121127,2017-08-26,2017-08-26,1178,144537,30-34,M,21,23,22,40873.0,4,7.899999976,2.0,1.0,0.009786411567538473,1.974999994,7.899999976,25.0
1121128,2017-08-26,2017-08-26,1178,144537,30-34,M,21,26,22,286553.0,34,62.06000042,2.0,1.0,0.01186516979406951,1.82529413,62.06000042,2.941176470588235
1121129,2017-08-28,2017-08-28,1178,144537,30-34,M,21,25,25,20618.0,1,2.099999905,2.0,1.0,0.004850130953535745,2.099999905,2.099999905,100.0
1121131,2017-08-28,2017-08-28,1178,144537,30-34,M,21,27,25,83591.0,7,14.14000046,2.0,2.0,0.008374107260350995,2.0200000657142856,7.07000023,28.57142857142857
1121132,2017-08-21,2017-08-21,1178,144537,30-34,M,21,23,27,114923.0,12,23.73000026,4.0,2.0,0.010441774057412354,1.9775000216666667,11.86500013,16.666666666666664
1121133,2017-08-21,2017-08-21,1178,144538,30-34,M,22,25,23,25002.0,1,1.710000038,1.0,0.0,0.003999680025597952,1.710000038,,0.0
1121134,2017-08-21,2017-08-21,1178,144538,30-34,M,22,27,28,68905.0,5,9.440000057,1.0,0.0,0.007256367462448299,1.8880000114000002,,0.0
1121136,2017-08-21,2017-08-21,1178,144538,30-34,M,22,26,26,169588.0,16,27.79999924,1.0,0.0,0.00943462980871288,1.7374999525,,0.0
1121138,2017-08-21,2017-08-21,1178,144538,30-34,M,22,26,24,328991.0,35,67.65000057,5.0,2.0,0.010638588897568626,1.9328571591428572,33.825000285,5.714285714285714
1121141,2017-08-21,2017-08-21,1178,144539,30-34,M,23,29,27,23198.0,2,2.980000019,1.0,0.0,0.008621432882145013,1.4900000095,,0.0
1121142,2017-08-21,2017-08-21,1178,144539,30-34,M,23,24,27,26890.0,2,3.24000001,1.0,0.0,0.007437709185570845,1.620000005,,0.0
1121143,2017-08-21,2017-08-21,1178,144539,30-34,M,23,28,27,221695.0,31,52.26000011,5.0,2.0,0.013983175082884144,1.6858064551612904,26.130000055,6.451612903225806
1121152,2017-08-20,2017-08-20,1178,144541,30-34,M,24,29,28,88443.0,7,13.0400002,1.0,1.0,0.007914702124532184,1.8628571714285713,13.0400002,14.285714285714285
1121153,2017-08-20,2017-08-20,1178,144541,30-34,M,24,27,30,187856.0,23,38.38999975,5.0,1.0,0.012243420492291969,1.6691304239130436,38.38999975,4.3478260869565215
1121164,2017-08-19,2017-08-19,1178,144545,30-34,M,25,31,30,570699.0,80,138.7699997,9.0,2.0,0.014017897350442177,1.73462499625,69.38499985,2.5
1121167,2017-08-19,2017-08-19,1178,144545,30-34,M,25,29,31,1063508.0,145,260.3800013,23.0,7.0,0.013634124049842596,1.7957241468965517,37.19714304285714,4.827586206896552
1121168,2017-08-19,2017-08-19,1178,144545,30-34,M,25,27,28,50523.0,6,8.549999952,1.0,0.0,0.011875779348019715,1.424999992,,0.0
1121172,2017-08-20,2017-08-20,1178,144547,30-34,M,26,30,28,87935.0,9,15.63000023,1.0,0.0,0.010234832546767499,1.7366666922222223,,0.0
1121173,2017-08-20,2017-08-20,1178,144547,30-34,M,26,31,32,278225.0,33,60.19999957,3.0,0.0,0.011860903944649115,1.8242424112121214,,0.0
1121175,2017-08-20,2017-08-20,1178,144547,30-34,M,26,28,29,209461.0,20,34.19000006,1.0,0.0,0.009548316870443663,1.709500003,,0.0
1121177,2017-08-20,2017-08-20,1178,144547,30-34,M,26,28,29,26316.0,2,3.24000001,3.0,0.0,0.007599939200486396,1.620000005,,0.0
1121181,2017-08-20,2017-08-20,1178,144549,30-34,M,27,32,29,41030.0,3,5.140000105,2.0,1.0,0.0073117231294175,1.7133333683333334,5.140000105,33.33333333333333
1121182,2017-08-20,2017-08-20,1178,144549,30-34,M,27,28,33,876671.0,120,216.5599982,22.0,4.0,0.013688145267723011,1.8046666516666667,54.13999955,3.3333333333333335
1121183,2017-08-21,2017-08-21,1178,144549,30-34,M,27,32,29,399392.0,53,93.07000041,5.0,0.0,0.013270170659402291,1.7560377435849057,,0.0
1121184,2017-08-22,2017-08-22,1178,144549,30-34,M,27,31,29,283858.0,30,56.05999923,1.0,0.0,0.01056866461399714,1.8686666410000001,,0.0
1121185,2017-08-23,2017-08-23,1178,144549,30-34,M,27,28,29,260699.0,31,54.09999871,5.0,2.0,0.011891108136203055,1.7451612487096775,27.049999355,6.451612903225806
1121193,2017-08-23,2017-08-23,1178,144552,30-34,M,28,34,29,57781.0,5,7.800000072,2.0,1.0,0.008653363562416711,1.5600000144,7.800000072,20.0
1121195,2017-08-23,2017-08-23,1178,144552,30-34,M,28,34,33,38757.0,3,5.220000029,1.0,0.0,0.007740537193281214,1.7400000096666668,,0.0
1121196,2017-08-23,2017-08-23,1178,144552,30-34,M,28,29,29,1392288.0,206,358.5500029,31.0,7.0,0.014795789376910524,1.740533994660194,51.22142898571428,3.3980582524271843
1121197,2017-08-23,2017-08-23,1178,144552,30-34,M,28,30,32,1109387.0,159,280.9899995,13.0,2.0,0.014332239335777326,1.7672327012578617,140.49499975,1.257861635220126
1121202,2017-08-28,2017-08-28,1178,144554,30-34,M,29,32,34,581281.0,65,115.1200008,10.0,5.0,0.011182199314961266,1.7710769353846154,23.02400016,7.6923076923076925
1121203,2017-08-23,2017-08-23,1178,144554,30-34,M,29,35,33,1048861.0,128,219.770002,22.0,8.0,0.012203714314861551,1.716953140625,27.47125025,6.25
1121205,2017-08-23,2017-08-23,1178,144554,30-34,M,29,32,30,297452.0,30,52.01999986,4.0,1.0,0.010085660879738579,1.7339999953333334,52.01999986,3.3333333333333335
1121206,2017-08-23,2017-08-23,1178,144554,30-34,M,29,34,31,227925.0,22,35.30999994,22.0,12.0,0.009652297905012614,1.6049999972727271,2.942499995,54.54545454545454
1121207,2017-08-23,2017-08-23,1178,144554,30-34,M,29,34,31,374175.0,38,63.32000101,8.0,3.0,0.010155675820137636,1.6663158160526315,21.10666700333333,7.894736842105263
1121211,2017-08-23,2017-08-23,1178,144556,30-34,M,30,32,31,223586.0,32,54.24000037,1.0,0.0,0.014312166235810829,1.6950000115625,,0.0
1121213,2017-08-22,2017-08-22,1178,144556,30-34,M,30,31,35,283170.0,39,65.22999996,2.0,1.0,0.013772645407352473,1.6725641015384616,65.22999996,2.564102564102564
1121215,2017-08-22,2017-08-22,1178,144556,30-34,M,30,31,34,41636.0,3,4.210000038,1.0,0.0,0.00720530310308387,1.4033333460000001,,0.0
1121216,2017-08-22,2017-08-22,1178,144556,30-34,M,30,32,34,198658.0,30,48.60999978,8.0,1.0,0.01510132992378862,1.6203333260000001,48.60999978,3.3333333333333335
1121220,2017-08-22,2017-08-22,1178,144558,30-34,M,31,37,35,100596.0,10,13.91999972,4.0,2.0,0.009940753111455723,1.391999972,6.95999986,20.0
1121223,2017-08-22,2017-08-22,1178,144558,30-34,M,31,37,35,64020.0,5,11.0599997,1.0,0.0,0.0078100593564511085,2.21199994,,0.0
1121224,2017-08-23,2017-08-23,1178,144558,30-34,M,31,32,33,14289.0,0,0.0,1.0,0.0,0.0,,,
1121229,2017-08-22,2017-08-22,1178,144561,30-34,M,32,36,37,404866.0,43,87.42000079,4.0,0.0,0.010620797992422184,2.033023274186047,,0.0
1121231,2017-08-22,2017-08-22,1178,144561,30-34,M,32,36,35,22256.0,1,1.659999967,1.0,1.0,0.004493170381020849,1.659999967,1.659999967,100.0
1121233,2017-08-22,2017-08-22,1178,144561,30-34,M,32,34,36,57690.0,4,6.74000001,1.0,0.0,0.006933610677760443,1.6850000025,,0.0
1121241,2017-08-27,2017-08-27,1178,144562,30-34,M,36,40,37,24952.0,5,8.220000267,3.0,2.0,0.020038473869830074,1.6440000533999999,4.1100001335,40.0
1121242,2017-08-27,2017-08-27,1178,144562,30-34,M,36,37,39,38900.0,3,5.580000043,1.0,0.0,0.007712082262210797,1.8600000143333333,,0.0
1121243,2017-08-22,2017-08-22,1178,144562,30-34,M,36,42,42,53520.0,6,9.2299999,1.0,1.0,0.011210762331838564,1.5383333166666666,9.2299999,16.666666666666664
1121244,2017-08-22,2017-08-22,1178,144562,30-34,M,36,41,41,181683.0,20,34.22999972,2.0,1.0,0.011008184585239125,1.7114999860000002,34.22999972,5.0
1121245,2017-08-22,2017-08-22,1178,144562,30-34,M,36,37,40,29185.0,2,3.149999976,1.0,0.0,0.00685283536063046,1.574999988,,0.0
1121246,2017-08-22,2017-08-22,1178,144562,30-34,M,36,41,38,105047.0,13,20.2099994,3.0,1.0,0.01237541291041153,1.5546153384615384,20.2099994,7.6923076923076925
1121250,2017-08-22,2017-08-22,1178,144565,30-34,M,63,67,64,287976.0,31,59.43999982,3.0,2.0,0.010764785954385087,1.917419349032258,29.71999991,6.451612903225806
1121251,2017-08-23,2017-08-23,1178,144565,30-34,M,63,65,69,212175.0,22,38.58999968,2.0,1.0,0.010368799340167314,1.7540908945454545,38.58999968,4.545454545454546
1121252,2017-08-23,2017-08-23,1178,144565,30-34,M,63,69,67,11139.0,0,0.0,1.0,1.0,0.0,,0.0,
1121254,2017-08-22,2017-08-22,1178,144565,30-34,M,63,64,65,124005.0,11,21.84999979,4.0,1.0,0.008870610056046127,1.986363617272727,21.84999979,9.090909090909092
1121255,2017-08-22,2017-08-22,1178,144565,30-34,M,63,64,67,20423.0,1,1.960000038,1.0,0.0,0.0048964402879106885,1.960000038,,0.0
1121261,2017-08-22,2017-08-22,1178,144567,30-34,M,64,67,65,103001.0,14,22.32000005,1.0,0.0,0.013592101047562644,1.594285717857143,,0.0
1121262,2017-08-30,2017-08-30,1178,144567,30-34,M,64,66,67,447420.0,66,110.2399991,7.0,2.0,0.014751240445219258,1.6703030166666668,55.11999955,3.0303030303030303
1121263,2017-08-30,2017-08-30,1178,144567,30-34,M,64,66,69,156101.0,19,29.75000048,2.0,2.0,0.012171606844286711,1.5657894989473684,14.87500024,10.526315789473683
1121264,2017-08-30,2017-08-30,1178,144567,30-34,M,64,70,67,93015.0,12,18.47000015,1.0,0.0,0.012901144976616674,1.5391666791666667,,0.0
1121265,2017-08-22,2017-08-22,1178,144568,30-34,M,65,70,68,145398.0,23,36.24000025,1.0,0.0,0.015818649499993124,1.5756521847826088,,0.0
1121269,2017-08-22,2017-08-22,1178,144568,30-34,M,65,67,67,296413.0,50,76.43999958,3.0,1.0,0.01686835597628984,1.5287999916000001,76.43999958,2.0
1121273,2017-08-22,2017-08-22,1178,144569,30-34,M,2,4,4,9370.0,0,0.0,1.0,1.0,0.0,,0.0,
1121274,2017-08-22,2017-08-22,1178,144569,30-34,M,2,4,7,63785.0,7,11.80000019,6.0,2.0,0.010974367014188288,1.685714312857143,5.900000095,28.57142857142857
1121275,2017-08-22,2017-08-22,1178,144569,30-34,M,2,8,3,118522.0,14,26.81999981,2.0,1.0,0.011812153018005096,1.915714272142857,26.81999981,7.142857142857142
1121276,2017-08-22,2017-08-22,1178,144569,30-34,M,2,5,5,240123.0,38,65.67000115,5.0,4.0,0.015825222906593703,1.728157925,16.4175002875,10.526315789473683
1121277,2017-08-23,2017-08-23,1178,144570,30-34,M,7,9,13,169108.0,20,32.24000025,2.0,1.0,0.011826761596139745,1.6120000125,32.24000025,5.0
1121278,2017-08-23,2017-08-23,1178,144570,30-34,M,7,13,10,1044442.0,142,245.5999999,22.0,8.0,0.013595776500753514,1.729577464084507,30.6999999875,5.633802816901409
1121279,2017-08-24,2017-08-24,1178,144570,30-34,M,7,10,13,93891.0,11,17.6400001,5.0,3.0,0.011715712901130035,1.6036363727272729,5.880000033333334,27.27272727272727
1121282,2017-08-24,2017-08-24,1178,144570,30-34,M,7,11,10,185823.0,25,38.54999936,4.0,1.0,0.013453662894259592,1.5419999744000001,38.54999936,4.0
1121284,2017-08-24,2017-08-24,1178,144571,30-34,M,66,68,70,175631.0,23,40.75999951,1.0,0.0,0.013095638013790276,1.7721738917391305,,0.0
1121285,2017-08-24,2017-08-24,1178,144571,30-34,M,66,68,70,37187.0,4,6.370000005,1.0,0.0,0.010756447145507839,1.59250000125,,0.0
1121286,2017-08-24,2017-08-24,1178,144571,30-34,M,66,67,69,10991.0,0,0.0,1.0,0.0,0.0,,,
1121287,2017-08-24,2017-08-24,1178,144571,30-34,M,66,69,69,344618.0,51,89.76000047,3.0,1.0,0.014798994829057102,1.7600000092156862,89.76000047,1.9607843137254901
1121289,2017-08-24,2017-08-24,1178,144572,35-39,M,10,14,13,98066.0,9,16.1500001,1.0,0.0,0.009177492708991904,1.7944444555555554,,0.0
1121290,2017-08-24,2017-08-24,1178,144572,35-39,M,10,13,12,770749.0,100,189.1299984,13.0,3.0,0.01297439244163794,1.891299984,63.0433328,3.0
1121291,2017-08-24,2017-08-24,1178,144572,35-39,M,10,16,14,52553.0,5,8.529999852,1.0,0.0,0.009514204707628489,1.7059999704,,0.0
1121292,2017-08-23,2017-08-23,1178,144572,35-39,M,10,15,16,362296.0,39,67.77000129,7.0,3.0,0.01076467860533928,1.7376923407692306,22.59000043,7.6923076923076925
1121293,2017-08-23,2017-08-23,1178,144572,35-39,M,10,16,13,427729.0,50,96.8999989,4.0,1.0,0.011689644611424523,1.937999978,96.8999989,2.0
1121296,2017-08-23,2017-08-23,1178,144573,35-39,M,15,17,19,180351.0,21,37.13000011,1.0,1.0,0.011643960942828152,1.7680952433333332,37.13000011,4.761904761904762
1121297,2017-08-23,2017-08-23,1178,144573,35-39,M,15,16,16,187329.0,29,53.15999961,2.0,1.0,0.015480785142716825,1.8331034348275863,53.15999961,3.4482758620689653
1121300,2017-08-23,2017-08-23,1178,144573,35-39,M,15,16,17,782894.0,118,192.9299995,5.0,2.0,0.015072283093241231,1.634999995762712,96.46499975,1.694915254237288
1121302,2017-08-23,2017-08-23,1178,144574,35-39,M,16,17,22,1206533.0,128,236.1199988,17.0,6.0,0.010608909992515746,1.844687490625,39.35333313333333,4.6875
1121303,2017-08-23,2017-08-23,1178,144574,35-39,M,16,19,21,84494.0,7,12.57000017,2.0,0.0,0.008284611925107108,1.79571431,,0.0
1121304,2017-08-23,2017-08-23,1178,144574,35-39,M,16,17,20,94257.0,7,12.5800004,1.0,1.0,0.007426504132319085,1.7971429142857143,12.5800004,14.285714285714285
1121309,2017-08-23,2017-08-23,1178,144575,35-39,M,18,24,20,131060.0,16,28.04999959,2.0,1.0,0.01220814893941706,1.753124974375,28.04999959,6.25
1121310,2017-08-23,2017-08-23,1178,144575,35-39,M,18,21,19,341603.0,50,83.48000121,4.0,2.0,0.01463687379794674,1.6696000242,41.740000605,4.0
1121311,2017-08-30,2017-08-30,1178,144575,35-39,M,18,20,24,140749.0,19,30.4799999,1.0,1.0,0.01349920780964696,1.6042105210526316,30.4799999,5.263157894736842
1121312,2017-08-30,2017-08-30,1178,144575,35-39,M,18,19,21,102525.0,13,20.29999983,2.0,1.0,0.012679834186783711,1.5615384484615384,20.29999983,7.6923076923076925
1121316,2017-08-28,2017-08-28,1178,144576,35-39,M,19,23,23,447952.0,68,131.5799983,8.0,1.0,0.015180197878344109,1.934999975,131.5799983,1.4705882352941175
1121317,2017-08-28,2017-08-28,1178,144576,35-39,M,19,25,23,76355.0,9,14.62999988,2.0,0.0,0.011787047344640167,1.625555542222222,,0.0
1121319,2017-08-28,2017-08-28,1178,144577,35-39,M,20,26,26,256598.0,38,64.46999931,6.0,1.0,0.014809156735438311,1.6965789292105264,64.46999931,2.631578947368421
1121321,2017-08-28,2017-08-28,1178,144577,35-39,M,20,21,21,127476.0,21,30.15000057,3.0,2.0,0.0164736891650193,1.4357143128571428,15.075000285,9.523809523809524
1121322,2017-08-28,2017-08-28,1178,144577,35-39,M,20,22,24,237603.0,37,62.25000024,5.0,2.0,0.015572193953780044,1.682432438918919,31.12500012,5.405405405405405
1121327,2017-08-28,2017-08-28,1178,144578,35-39,M,21,22,22,271091.0,42,78.03999984,3.0,1.0,0.015492952550988414,1.8580952342857142,78.03999984,2.380952380952381
1121330,2017-08-28,2017-08-28,1178,144578,35-39,M,21,23,22,21743.0,2,3.400000095,1.0,0.0,0.009198362691440923,1.7000000475,,0.0
1121333,2017-08-28,2017-08-28,1178,144579,35-39,M,22,25,25,88970.0,10,14.8300004,2.0,0.0,0.011239743733842868,1.4830000399999999,,0.0
1121334,2017-08-28,2017-08-28,1178,144579,35-39,M,22,24,26,108362.0,13,22.42999983,1.0,1.0,0.01199682545541795,1.7253846023076922,22.42999983,7.6923076923076925
1121335,2017-08-28,2017-08-28,1178,144579,35-39,M,22,25,23,188596.0,27,44.14000034,3.0,0.0,0.014316316358777491,1.6348148274074075,,0.0
1121336,2017-08-27,2017-08-27,1178,144579,35-39,M,22,24,24,275080.0,43,69.65999997,4.0,3.0,0.01563181619892395,1.6199999993023255,23.21999999,6.976744186046512
1121337,2017-08-27,2017-08-27,1178,144580,35-39,M,23,28,28,64647.0,10,16.26999998,1.0,0.0,0.015468621900474887,1.626999998,,0.0
1121338,2017-08-27,2017-08-27,1178,144580,35-39,M,23,27,24,31265.0,4,5.789999902,1.0,0.0,0.012793858947705102,1.4474999755,,0.0
1121340,2017-08-27,2017-08-27,1178,144580,35-39,M,23,27,28,140147.0,24,42.08000016,2.0,0.0,0.017124876023032958,1.75333334,,0.0
1121341,2017-08-27,2017-08-27,1178,144580,35-39,M,23,26,27,223120.0,40,67.66999984,1.0,0.0,0.017927572606669058,1.691749996,,0.0
1121342,2017-08-28,2017-08-28,1178,144580,35-39,M,23,29,27,104869.0,18,34.07000089,1.0,0.0,0.017164271615062603,1.8927778272222224,,0.0
1121344,2017-08-28,2017-08-28,1178,144581,35-39,M,24,27,27,165177.0,23,41.71999967,4.0,1.0,0.013924456794832209,1.8139130291304348,41.71999967,4.3478260869565215
1121345,2017-08-27,2017-08-27,1178,144581,35-39,M,24,29,29,84194.0,11,19.56999981,1.0,0.0,0.013065064018813691,1.7790908918181818,,0.0
1121347,2017-08-27,2017-08-27,1178,144581,35-39,M,24,25,28,220581.0,31,57.37,1.0,1.0,0.014053794297786302,1.8506451612903225,57.37,3.225806451612903
1121350,2017-08-29,2017-08-29,1178,144582,35-39,M,25,27,31,75804.0,10,17.36999965,2.0,1.0,0.013191915993878952,1.736999965,17.36999965,10.0
1121352,2017-08-29,2017-08-29,1178,144582,35-39,M,25,30,29,368986.0,59,100.289999,0.0,0.0,0.01598976654940838,1.6998304915254236,,0.0
1121353,2017-08-30,2017-08-30,1178,144582,35-39,M,25,30,27,28194.0,3,3.709999919,2.0,0.0,0.010640561821664184,1.2366666396666666,,0.0
1121355,2017-08-29,2017-08-29,1178,144583,35-39,M,26,29,27,99961.0,14,23.2099998,1.0,0.0,0.014005462130230791,1.6578571285714285,,0.0
1121359,2017-08-29,2017-08-29,1178,144583,35-39,M,26,28,27,7573.0,0,0.0,1.0,0.0,0.0,,,
1121361,2017-08-30,2017-08-30,1178,144584,35-39,M,27,28,33,685781.0,103,177.8899992,10.0,1.0,0.015019372073592007,1.7270873708737864,177.8899992,0.9708737864077669
1121364,2017-08-30,2017-08-30,1178,144584,35-39,M,27,30,28,274222.0,43,66.7700001,2.0,1.0,0.01568072583527215,1.5527907,66.7700001,2.3255813953488373
1121365,2017-08-30,2017-08-30,1178,144584,35-39,M,27,33,31,110503.0,25,32.67999995,4.0,0.0,0.02262382016777825,1.3071999980000002,,0.0
1121367,2017-08-30,2017-08-30,1178,144585,35-39,M,28,31,29,1447755.0,233,420.5799983,11.0,8.0,0.016093883288263555,1.805064370386266,52.5724997875,3.4334763948497855
1121368,2017-08-30,2017-08-30,1178,144585,35-39,M,28,33,31,358987.0,52,87.55000067,1.0,0.0,0.014485204199594972,1.6836538590384615,,0.0
1121369,2017-08-30,2017-08-30,1178,144585,35-39,M,28,33,31,826205.0,125,232.3700008,5.0,1.0,0.015129417033302872,1.8589600064,232.3700008,0.8
1121370,2017-08-29,2017-08-29,1178,144585,35-39,M,28,33,32,550954.0,84,150.1400012,3.0,0.0,0.0152462819037524,1.7873809666666667,,0.0
1121372,2017-08-29,2017-08-29,1178,144585,35-39,M,28,34,34,378350.0,55,96.48000073,4.0,0.0,0.01453680454605524,1.7541818314545454,,0.0
1121373,2017-08-29,2017-08-29,1178,144586,35-39,M,29,32,33,492784.0,56,95.5100013,7.0,4.0,0.011364005324848209,1.7055357375,23.877500325,7.142857142857142
1121374,2017-08-29,2017-08-29,1178,144586,35-39,M,29,34,35,327158.0,43,72.3100003,6.0,2.0,0.013143496414576444,1.6816279139534884,36.15500015,4.651162790697675
1121375,2017-08-29,2017-08-29,1178,144586,35-39,M,29,31,35,9921.0,0,0.0,1.0,0.0,0.0,,,
1121377,2017-08-29,2017-08-29,1178,144586,35-39,M,29,34,30,59390.0,5,9.209999919,5.0,3.0,0.008418925745074928,1.8419999837999999,3.069999973,60.0
1121378,2017-08-29,2017-08-29,1178,144586,35-39,M,29,33,33,1040330.0,147,254.2500038,13.0,2.0,0.014130131785106649,1.729591862585034,127.1250019,1.3605442176870748
1121379,2017-08-29,2017-08-29,1178,144587,35-39,M,30,31,35,49422.0,6,11.17000031,1.0,0.0,0.012140342357654486,1.8616667183333335,,0.0
1121380,2017-08-29,2017-08-29,1178,144587,35-39,M,30,35,32,131091.0,18,34.23000026,3.0,1.0,0.013730919742774102,1.901666681111111,34.23000026,5.555555555555555
1121381,2017-08-29,2017-08-29,1178,144587,35-39,M,30,31,36,95691.0,15,25.26000011,1.0,1.0,0.015675455371978557,1.6840000073333334,25.26000011,6.666666666666667
1121390,2017-08-29,2017-08-29,1178,144588,35-39,M,31,32,36,15513.0,1,1.289999962,1.0,0.0,0.00644620640752917,1.289999962,,0.0
1121391,2017-08-20,2017-08-20,1178,144589,35-39,M,32,33,33,382537.0,63,113.9900012,4.0,3.0,0.016468995156024124,1.8093650984126983,37.99666706666667,4.761904761904762
1121394,2017-08-20,2017-08-20,1178,144589,35-39,M,32,37,33,461356.0,64,121.0999982,6.0,3.0,0.013872150790279092,1.892187471875,40.36666606666667,4.6875
1121395,2017-08-23,2017-08-23,1178,144589,35-39,M,32,38,34,392541.0,53,98.70000017,3.0,2.0,0.013501774336948243,1.8622641541509433,49.350000085,3.7735849056603774
1121398,2017-08-23,2017-08-23,1178,144590,35-39,M,36,39,38,35088.0,5,8.800000072,1.0,1.0,0.014249886000911993,1.7600000143999999,8.800000072,20.0
1121400,2017-08-23,2017-08-23,1178,144590,35-39,M,36,38,41,53933.0,6,9.929999948,3.0,1.0,0.01112491424545269,1.6549999913333335,9.929999948,16.666666666666664
1121403,2017-08-24,2017-08-24,1178,144591,35-39,M,63,65,68,228861.0,33,53.38999939,4.0,2.0,0.01441923263465597,1.6178787693939394,26.694999695,6.0606060606060606
1121405,2017-08-24,2017-08-24,1178,144591,35-39,M,63,66,69,20959.0,2,3.769999981,1.0,1.0,0.009542440001908488,1.8849999905,3.769999981,50.0
1121410,2017-08-24,2017-08-24,1178,144592,35-39,M,64,68,70,24992.0,2,3.190000057,1.0,0.0,0.008002560819462228,1.5950000285,,0.0
1121411,2017-08-24,2017-08-24,1178,144592,35-39,M,64,70,65,100351.0,15,24.17999995,2.0,1.0,0.014947534155115546,1.6119999966666667,24.17999995,6.666666666666667
1121412,2017-08-24,2017-08-24,1178,144592,35-39,M,64,68,70,292448.0,43,76.89999968,2.0,1.0,0.014703468650837073,1.7883720855813952,76.89999968,2.3255813953488373
1121413,2017-08-23,2017-08-23,1178,144592,35-39,M,64,67,69,65060.0,7,14.5200001,1.0,1.0,0.010759299108515216,2.0742857285714287,14.5200001,14.285714285714285
1121414,2017-08-23,2017-08-23,1178,144592,35-39,M,64,70,66,133316.0,21,36.17000055,2.0,0.0,0.015752047766209608,1.7223809785714284,,0.0
1121415,2017-08-23,2017-08-23,1178,144593,35-39,M,65,66,71,113501.0,26,38.44000077,5.0,4.0,0.022907287160465546,1.478461568076923,9.6100001925,15.384615384615385
1121418,2017-08-23,2017-08-23,1178,144593,35-39,M,65,71,70,192810.0,41,61.92999995,4.0,3.0,0.02126445723769514,1.5104878036585367,20.643333316666666,7.317073170731707
1121421,2017-08-21,2017-08-21,1178,144594,35-39,M,2,8,6,233404.0,43,70.4100008,2.0,1.0,0.018422991893883568,1.6374418790697676,70.4100008,2.3255813953488373
1121422,2017-08-23,2017-08-23,1178,144594,35-39,M,2,7,7,128843.0,24,37.5999999,2.0,0.0,0.018627321623991992,1.5666666625,,0.0
1121423,2017-08-23,2017-08-23,1178,144594,35-39,M,2,5,7,63564.0,12,20.59000027,2.0,0.0,0.018878610534264678,1.7158333558333334,,0.0
1121425,2017-08-23,2017-08-23,1178,144594,35-39,M,2,8,7,85970.0,14,24.78000021,1.0,1.0,0.016284750494358496,1.7700000150000001,24.78000021,7.142857142857142
1121428,2017-08-23,2017-08-23,1178,144595,35-39,M,7,9,13,131232.0,16,29.53999937,1.0,1.0,0.0121921482565228,1.846249960625,29.53999937,6.25
1121429,2017-08-23,2017-08-23,1178,144595,35-39,M,7,13,9,152454.0,22,37.84999979,1.0,1.0,0.01443058233959096,1.7204545359090908,37.84999979,4.545454545454546
1121430,2017-08-23,2017-08-23,1178,144595,35-39,M,7,10,9,28989.0,2,2.290000021,1.0,0.0,0.006899168650177653,1.1450000105,,0.0
1121433,2017-08-24,2017-08-24,1178,144596,35-39,M,66,69,72,80248.0,15,24.1900003,1.0,1.0,0.018692054630645,1.6126666866666668,24.1900003,6.666666666666667
1121437,2017-08-24,2017-08-24,1178,144596,35-39,M,66,68,68,38580.0,5,8.519999981,1.0,0.0,0.012960082944530845,1.7039999961999999,,0.0
1121439,2017-08-25,2017-08-25,1178,144597,40-44,M,10,11,15,621591.0,91,163.36,5.0,1.0,0.014639851606603057,1.7951648351648353,163.36,1.098901098901099
1121440,2017-08-25,2017-08-25,1178,144597,40-44,M,10,15,11,250499.0,36,58.14000005,3.0,1.0,0.014371314855548325,1.6150000013888888,58.14000005,2.7777777777777777
1121442,2017-08-25,2017-08-25,1178,144597,40-44,M,10,15,14,131637.0,18,29.30999982,2.0,1.0,0.01367396704573942,1.6283333233333335,29.30999982,5.555555555555555
1121443,2017-08-25,2017-08-25,1178,144597,40-44,M,10,12,15,463813.0,69,116.3399996,4.0,2.0,0.014876685215808958,1.6860869507246377,58.1699998,2.898550724637681
1121444,2017-08-25,2017-08-25,1178,144597,40-44,M,10,13,12,211767.0,35,60.89999914,5.0,1.0,0.01652759872879155,1.7399999754285713,60.89999914,2.857142857142857
1121446,2017-08-25,2017-08-25,1178,144598,40-44,M,15,17,17,163181.0,26,40.02000093,1.0,1.0,0.015933227520360825,1.539230805,40.02000093,3.8461538461538463
1121451,2017-08-25,2017-08-25,1178,144599,40-44,M,16,20,18,1117385.0,147,260.0699984,11.0,2.0,0.013155716248204512,1.769183662585034,130.0349992,1.3605442176870748
1121452,2017-08-25,2017-08-25,1178,144599,40-44,M,16,21,22,1663441.0,205,359.4700001,17.0,6.0,0.012323851582352486,1.7535121956097561,59.91166668333333,2.9268292682926833
1121453,2017-08-25,2017-08-25,1178,144599,40-44,M,16,18,17,455248.0,54,105.7099996,5.0,2.0,0.011861666608090534,1.9575925851851852,52.8549998,3.7037037037037033
1121454,2017-08-25,2017-08-25,1178,144599,40-44,M,16,22,20,75589.0,6,10.66000009,1.0,1.0,0.00793766288745717,1.7766666816666667,10.66000009,16.666666666666664
1121455,2017-08-24,2017-08-24,1178,144599,40-44,M,16,21,22,594267.0,82,143.3000009,3.0,2.0,0.0137985114435094,1.7475609865853656,71.65000045,2.4390243902439024
1121456,2017-08-24,2017-08-24,1178,144599,40-44,M,16,22,22,315281.0,35,65.02999854,1.0,0.0,0.011101208128621769,1.857999958285714,,0.0
1121464,2017-08-24,2017-08-24,1178,144601,40-44,M,19,23,25,363456.0,71,117.5599997,7.0,1.0,0.0195346892058461,1.655774643661972,117.5599997,1.4084507042253522
1121466,2017-08-24,2017-08-24,1178,144601,40-44,M,19,23,25,438983.0,81,143.4300001,3.0,1.0,0.018451739589004586,1.7707407419753087,143.4300001,1.2345679012345678
1121467,2017-08-24,2017-08-24,1178,144601,40-44,M,19,20,24,42563.0,5,9.659999847,1.0,1.0,0.011747292249136574,1.9319999694,9.659999847,20.0
1121469,2017-08-25,2017-08-25,1178,144602,40-44,M,20,26,21,399035.0,75,124.7999995,7.0,3.0,0.018795343766837495,1.6639999933333334,41.599999833333335,4.0
1121471,2017-08-24,2017-08-24,1178,144602,40-44,M,20,21,26,304680.0,59,98.55000019,3.0,0.0,0.01936457923066824,1.6703389862711866,,0.0
1121472,2017-08-24,2017-08-24,1178,144602,40-44,M,20,21,25,140596.0,23,40.77000022,1.0,0.0,0.016358929130273977,1.7726087052173913,,0.0
1121473,2017-08-24,2017-08-24,1178,144602,40-44,M,20,25,22,439986.0,80,134.8799999,4.0,3.0,0.018182396712622673,1.68599999875,44.959999966666665,3.75
1121474,2017-08-21,2017-08-21,1178,144602,40-44,M,20,26,26,75803.0,11,19.3599999,2.0,2.0,0.014511299025104547,1.7599999909090907,9.67999995,18.181818181818183
1121477,2017-08-21,2017-08-21,1178,144603,40-44,M,21,27,22,7073.0,0,0.0,1.0,0.0,0.0,,,
1121481,2017-08-19,2017-08-19,1178,144604,40-44,M,22,27,25,153586.0,28,43.01000035,2.0,0.0,0.018230828330707226,1.5360714410714285,,0.0
1121482,2017-08-19,2017-08-19,1178,144604,40-44,M,22,24,24,180815.0,31,42.62999976,1.0,0.0,0.017144595304593092,1.375161282580645,,0.0
1121483,2017-08-19,2017-08-19,1178,144604,40-44,M,22,26,23,253169.0,51,75.78999984,1.0,0.0,0.020144646461454602,1.486078428235294,,0.0
1121484,2017-08-19,2017-08-19,1178,144604,40-44,M,22,28,27,34453.0,5,7.710000038,1.0,1.0,0.014512524308478216,1.5420000076,7.710000038,20.0
1121487,2017-08-19,2017-08-19,1178,144605,40-44,M,23,25,26,51550.0,8,14.03999984,1.0,0.0,0.015518913676042675,1.75499998,,0.0
1121489,2017-08-19,2017-08-19,1178,144605,40-44,M,23,28,24,110018.0,24,39.85999966,1.0,0.0,0.02181461215437474,1.6608333191666667,,0.0
1121493,2017-08-19,2017-08-19,1178,144606,40-44,M,24,28,30,137584.0,21,36.77999961,1.0,0.0,0.015263402721246657,1.7514285528571427,,0.0
1121497,2017-08-19,2017-08-19,1178,144606,40-44,M,24,25,27,209825.0,30,54.86999953,1.0,0.0,0.01429762897652806,1.8289999843333333,,0.0
1121499,2017-08-19,2017-08-19,1178,144607,40-44,M,25,27,31,264222.0,63,87.7899996,1.0,1.0,0.02384358607534573,1.393492057142857,87.7899996,1.5873015873015872
1121510,2017-08-19,2017-08-19,1178,144608,40-44,M,26,30,31,31202.0,5,6.730000019,1.0,0.0,0.016024613806807256,1.3460000038,,0.0
1121511,2017-08-18,2017-08-18,1178,144609,40-44,M,27,29,32,252991.0,49,76.83999932,3.0,0.0,0.019368277922930065,1.5681632514285715,,0.0
1121514,2017-08-18,2017-08-18,1178,144609,40-44,M,27,31,30,56265.0,9,15.53999972,1.0,0.0,0.015995734470807786,1.7266666355555556,,0.0
1121523,2017-08-18,2017-08-18,1178,144611,40-44,M,29,32,34,76923.0,11,17.67000008,2.0,2.0,0.014300014300014301,1.6063636436363637,8.83500004,18.181818181818183
1121524,2017-08-18,2017-08-18,1178,144611,40-44,M,29,30,35,209332.0,30,49.60000014,3.0,1.0,0.014331301473257792,1.653333338,49.60000014,3.3333333333333335
1121525,2017-08-18,2017-08-18,1178,144611,40-44,M,29,32,33,214094.0,31,53.26999903,1.0,0.0,0.014479621101011706,1.718387065483871,,0.0
1121526,2017-08-19,2017-08-19,1178,144611,40-44,M,29,35,32,526209.0,85,126.9299996,3.0,2.0,0.016153277500004753,1.4932941129411765,63.4649998,2.3529411764705883
1121527,2017-08-19,2017-08-19,1178,144611,40-44,M,29,35,35,741143.0,120,179.620001,4.0,1.0,0.01619120736484052,1.4968333416666666,179.620001,0.8333333333333334
1121528,2017-08-19,2017-08-19,1178,144611,40-44,M,29,33,31,172827.0,25,38.42000043,2.0,0.0,0.01446533238440753,1.5368000172,,0.0
1121530,2017-08-19,2017-08-19,1178,144612,40-44,M,30,36,33,188873.0,38,58.5999999,1.0,1.0,0.02011933945031847,1.5421052605263157,58.5999999,2.631578947368421
1121532,2017-08-19,2017-08-19,1178,144612,40-44,M,30,35,32,123126.0,25,39.72999978,2.0,1.0,0.0203044036190569,1.5891999912,39.72999978,4.0
1121535,2017-08-20,2017-08-20,1178,144613,40-44,M,31,33,32,77794.0,14,19.11000001,1.0,1.0,0.017996246497159165,1.3650000007142857,19.11000001,7.142857142857142
1121541,2017-08-21,2017-08-21,1178,144614,40-44,M,32,33,37,56630.0,9,15.81000018,1.0,1.0,0.015892636411795866,1.7566666866666667,15.81000018,11.11111111111111
1121544,2017-08-21,2017-08-21,1178,144614,40-44,M,32,33,36,400844.0,85,140.9700022,4.0,2.0,0.02120525690792428,1.6584706141176473,70.4850011,2.3529411764705883
1121545,2017-08-20,2017-08-20,1178,144614,40-44,M,32,33,35,208572.0,36,60.76000023,2.0,1.0,0.017260226684310456,1.6877777841666668,60.76000023,2.7777777777777777
1121548,2017-08-21,2017-08-21,1178,144615,40-44,M,36,38,37,59004.0,8,13.51000011,1.0,0.0,0.013558402820147787,1.68875001375,,0.0
1121551,2017-08-21,2017-08-21,1178,144615,40-44,M,36,40,39,196253.0,32,55.10000002,1.0,0.0,0.01630548322828186,1.721875000625,,0.0
1121554,2017-08-21,2017-08-21,1178,144616,40-44,M,63,64,66,51858.0,8,12.63000011,1.0,1.0,0.01542674225770373,1.57875001375,12.63000011,12.5
1121557,2017-08-21,2017-08-21,1178,144616,40-44,M,63,68,64,280764.0,49,81.36000025,2.0,1.0,0.01745237993474947,1.6604081683673468,81.36000025,2.0408163265306123
1121561,2017-08-21,2017-08-21,1178,144617,40-44,M,64,69,70,63660.0,11,16.47000003,1.0,1.0,0.017279296261388626,1.4972727300000002,16.47000003,9.090909090909092
1121562,2017-08-20,2017-08-20,1178,144617,40-44,M,64,65,67,109289.0,19,31.02999997,1.0,0.0,0.017385098225804977,1.6331578931578947,,0.0
1121568,2017-08-20,2017-08-20,1178,144618,40-44,M,65,70,70,188440.0,40,60.72999966,2.0,1.0,0.021226915729144556,1.5182499914999998,60.72999966,2.5
1121571,2017-08-20,2017-08-20,1178,144619,40-44,M,2,3,5,212496.0,44,74.83000135,2.0,1.0,0.0207062721180634,1.7006818488636364,74.83000135,2.272727272727273
1121572,2017-08-20,2017-08-20,1178,144619,40-44,M,2,6,3,32574.0,5,7.480000019,1.0,0.0,0.015349665377294775,1.4960000038,,0.0
1121575,2017-08-20,2017-08-20,1178,144619,40-44,M,2,4,5,128595.0,23,36.4800005,1.0,1.0,0.01788560986041448,1.5860869782608698,36.4800005,4.3478260869565215
1121577,2017-08-20,2017-08-20,1178,144620,40-44,M,7,9,11,242234.0,48,68.06000054,2.0,0.0,0.01981555025306109,1.4179166779166668,,0.0
1121584,2017-08-20,2017-08-20,1178,144621,40-44,M,66,67,67,33154.0,5,7.879999995,1.0,1.0,0.015081136514447728,1.575999999,7.879999995,20.0
1121585,2017-08-20,2017-08-20,1178,144621,40-44,M,66,72,68,9773.0,1,1.460000038,1.0,0.0,0.010232272587741738,1.460000038,,0.0
1121589,2017-08-20,2017-08-20,1178,144622,45-49,M,10,16,11,464036.0,77,123.5500004,3.0,1.0,0.016593540156367177,1.6045454597402597,123.5500004,1.2987012987012987
1121590,2017-08-20,2017-08-20,1178,144622,45-49,M,10,16,15,478480.0,75,135.7500012,3.0,1.0,0.015674636348436716,1.8100000160000003,135.7500012,1.3333333333333335
1121592,2017-08-20,2017-08-20,1178,144622,45-49,M,10,14,11,428812.0,66,116.8800001,4.0,2.0,0.015391360316409055,1.7709090924242425,58.44000005,3.0303030303030303
1121593,2017-08-26,2017-08-26,1178,144622,45-49,M,10,16,16,1177535.0,221,365.6600009,15.0,3.0,0.018768019634235925,1.6545701398190045,121.88666696666667,1.3574660633484164
1121594,2017-08-26,2017-08-26,,,45-49,M,10,14,14,426500.0,72,128.2799988,4.0,1.0,0.016881594372801876,1.7816666499999998,128.2799988,1.3888888888888888
1121597,2017-08-30,2017-08-30,,,45-49,M,15,21,19,54237.0,7,10.77999985,2.0,1.0,0.012906318564817377,1.5399999785714285,10.77999985,14.285714285714285
1121598,2017-08-30,2017-08-30,,,45-49,M,15,19,18,506916.0,89,133.6999986,2.0,2.0,0.01755714950800527,1.5022471752808988,66.8499993,2.247191011235955
1121599,2017-08-30,2017-08-30,,,45-49,M,15,17,18,250960.0,42,64.87999952,2.0,0.0,0.01673573477845075,1.5447618933333334,,0.0
1121601,2017-08-30,2017-08-30,,,45-49,M,16,20,18,2286228.0,353,603.380002,16.0,7.0,0.015440279797115599,1.7092917903682718,86.19714314285714,1.9830028328611897
1121602,2017-08-30,2017-08-30,,,45-49,M,16,21,20,915451.0,125,220.559999,6.0,1.0,0.013654471948799008,1.764479992,220.559999,0.8
1121603,2017-08-30,2017-08-30,,,45-49,M,16,21,17,159478.0,20,33.89999998,3.0,1.0,0.01254091473432072,1.6949999989999998,33.89999998,5.0
1121605,2017-08-30,2017-08-30,,,45-49,M,16,20,17,1228924.0,190,318.9700032,6.0,3.0,0.015460679423625872,1.6787894905263159,106.32333440000001,1.5789473684210527
1121606,2017-08-30,2017-08-30,,,45-49,M,16,22,17,938283.0,134,248.6400001,7.0,2.0,0.014281405503456846,1.8555223888059702,124.32000005,1.4925373134328357
1121607,2017-08-30,2017-08-30,,,45-49,M,18,24,23,154572.0,26,40.93000007,1.0,1.0,0.016820640219444658,1.5742307719230768,40.93000007,3.8461538461538463
1121609,2017-08-30,2017-08-30,,,45-49,M,18,19,19,378171.0,70,109.2500008,1.0,0.0,0.018510144881548295,1.5607142971428571,,0.0
1121612,2017-08-29,2017-08-29,,,45-49,M,18,19,22,468749.0,84,134.1199975,6.0,1.0,0.01792003822941489,1.596666636904762,134.1199975,1.1904761904761905
1121613,2017-08-29,2017-08-29,,,45-49,M,19,25,25,309823.0,60,103.3899996,4.0,4.0,0.019365896011593716,1.72316666,25.8474999,6.666666666666667
1121615,2017-08-29,2017-08-29,,,45-49,M,19,21,25,327227.0,65,116.5599996,5.0,0.0,0.0198638865374801,1.793230763076923,,0.0
1121616,2017-08-29,2017-08-29,,,45-49,M,19,23,24,334945.0,72,120.2999994,2.0,1.0,0.021496066518383615,1.670833325,120.2999994,1.3888888888888888
1121617,2017-08-29,2017-08-29,,,45-49,M,19,23,22,68859.0,15,25.45999968,1.0,0.0,0.02178364483945454,1.697333312,,0.0
1121619,2017-08-30,2017-08-30,,,45-49,M,20,22,26,127125.0,20,35.67999983,2.0,0.0,0.015732546705998034,1.7839999915,,0.0
1121620,2017-08-30,2017-08-30,,,45-49,M,20,21,24,415798.0,80,131.7800006,3.0,1.0,0.01924011178504947,1.6472500074999998,131.7800006,1.25
1121622,2017-08-30,2017-08-30,,,45-49,M,20,22,23,107671.0,20,29.91000021,1.0,1.0,0.018575103788392416,1.4955000105,29.91000021,5.0
1121623,2017-08-29,2017-08-29,,,45-49,M,20,24,22,164356.0,28,46.7900002,2.0,1.0,0.017036189734478815,1.6710714357142857,46.7900002,3.571428571428571
1121624,2017-08-30,2017-08-30,,,45-49,M,20,26,25,17662.0,2,3.189999938,1.0,0.0,0.011323745895142113,1.594999969,,0.0
1121627,2017-08-30,2017-08-30,,,45-49,M,21,27,27,65339.0,10,16.67999983,2.0,0.0,0.01530479499227108,1.667999983,,0.0
1121628,2017-08-19,2017-08-19,,,45-49,M,21,25,22,59838.0,7,11.11000013,1.0,0.0,0.011698251946923359,1.5871428757142856,,0.0
1121629,2017-08-19,2017-08-19,,,45-49,M,21,24,23,381577.0,81,127.5699993,2.0,0.0,0.021227694541337657,1.5749382629629631,,0.0
1121635,2017-08-19,2017-08-19,,,45-49,M,22,24,27,45491.0,8,11.00999999,1.0,0.0,0.017585896111318722,1.37624999875,,0.0
1121638,2017-08-19,2017-08-19,,,45-49,M,23,28,29,18946.0,2,3.599999905,1.0,0.0,0.010556317956296843,1.7999999525,,0.0
1121641,2017-08-19,2017-08-19,,,45-49,M,23,29,29,114370.0,18,33.65999997,1.0,0.0,0.01573839293521028,1.8699999983333333,,0.0
1121642,2017-08-19,2017-08-19,,,45-49,M,23,26,29,99698.0,21,33.3499999,1.0,0.0,0.021063612108567876,1.5880952333333334,,0.0
1121644,2017-08-19,2017-08-19,,,45-49,M,24,26,25,355165.0,81,128.6099997,4.0,3.0,0.022806301296580463,1.5877777740740742,42.8699999,3.7037037037037033
1121650,2017-08-19,2017-08-19,,,45-49,M,25,26,29,101431.0,23,33.93000031,1.0,1.0,0.022675513403200207,1.4752174047826085,33.93000031,4.3478260869565215
1121652,2017-08-18,2017-08-18,,,45-49,M,25,30,29,123151.0,24,36.4400003,2.0,1.0,0.0194882704971945,1.5183333458333335,36.4400003,4.166666666666666
1121660,2017-08-18,2017-08-18,,,45-49,M,26,30,29,24078.0,4,5.769999981,1.0,0.0,0.016612675471384668,1.44249999525,,0.0
1121661,2017-08-18,2017-08-18,,,45-49,M,27,33,30,517801.0,105,181.7200011,3.0,0.0,0.020278060490420066,1.7306666771428572,,0.0
1121662,2017-08-18,2017-08-18,,,45-49,M,27,28,32,145104.0,25,41.42000008,2.0,1.0,0.017229021942882346,1.6568000032,41.42000008,4.0
1121664,2017-08-18,2017-08-18,,,45-49,M,27,31,28,179950.0,35,58.67999971,1.0,0.0,0.019449847179772158,1.6765714202857143,,0.0
1121665,2017-08-18,2017-08-18,,,45-49,M,27,31,31,258531.0,46,80.33999979,2.0,0.0,0.01779283722261547,1.7465217345652173,,0.0
1121666,2017-08-18,2017-08-18,,,45-49,M,27,31,29,272500.0,62,104.4599996,3.0,0.0,0.022752293577981652,1.6848387032258065,,0.0
1121667,2017-08-18,2017-08-18,,,45-49,M,28,31,32,273197.0,57,87.7300005,3.0,0.0,0.02086406512516609,1.5391228157894736,,0.0
1121668,2017-08-18,2017-08-18,,,45-49,M,28,30,34,775904.0,172,253.990002,4.0,2.0,0.02216769084835237,1.476686058139535,126.995001,1.1627906976744187
1121669,2017-08-18,2017-08-18,,,45-49,M,28,33,33,120251.0,26,39.44000006,1.0,0.0,0.021621441817531666,1.5169230792307693,,0.0
1121671,2017-08-18,2017-08-18,,,45-49,M,28,29,32,139406.0,24,39.04999948,1.0,0.0,0.017215901754587322,1.6270833116666665,,0.0
1121672,2017-08-29,2017-08-29,,,45-49,M,28,32,31,60314.0,11,16.93999958,2.0,1.0,0.018237888384123088,1.5399999618181817,16.93999958,9.090909090909092
1121673,2017-08-29,2017-08-29,,,45-49,M,29,34,30,563074.0,86,142.7099985,4.0,2.0,0.015273303331356092,1.6594185872093024,71.35499925,2.3255813953488373
1121674,2017-08-27,2017-08-27,,,45-49,M,29,30,30,168655.0,18,27.29999983,2.0,0.0,0.010672674987400314,1.5166666572222223,,0.0
1121675,2017-08-27,2017-08-27,,,45-49,M,29,34,31,111963.0,17,29.3799994,2.0,1.0,0.015183587435134822,1.7282352588235295,29.3799994,5.88235294117647
1121676,2017-08-27,2017-08-27,,,45-49,M,29,32,30,1026304.0,168,277.5799986,17.0,8.0,0.016369418807682716,1.6522618964285716,34.697499825,4.761904761904762
1121677,2017-08-27,2017-08-27,,,45-49,M,29,35,34,1391924.0,258,422.8400038,17.0,10.0,0.018535494754023926,1.6389147434108526,42.284000379999995,3.875968992248062
1121678,2017-08-27,2017-08-27,,,45-49,M,29,33,33,147551.0,22,38.50000083,1.0,0.0,0.014910098881064853,1.7500000377272726,,0.0
1121685,2017-08-27,2017-08-27,,,45-49,M,31,36,36,66794.0,9,17.3299998,1.0,1.0,0.013474264155463066,1.9255555333333332,17.3299998,11.11111111111111
1121687,2017-08-27,2017-08-27,,,45-49,M,31,37,36,118882.0,19,32.30999994,2.0,1.0,0.015982234484614995,1.7005263126315788,32.30999994,5.263157894736842
1121689,2017-08-27,2017-08-27,,,45-49,M,31,37,35,148010.0,24,41.96999943,1.0,0.0,0.016215120599959464,1.74874997625,,0.0
1121691,2017-08-26,2017-08-26,,,45-49,M,32,34,33,932890.0,197,352.4499989,3.0,1.0,0.021117173514562274,1.7890862888324874,352.4499989,0.5076142131979695
1121692,2017-08-26,2017-08-26,,,45-49,M,32,34,37,718359.0,147,264.5899997,4.0,1.0,0.020463305951481086,1.7999319707482995,264.5899997,0.6802721088435374
1121693,2017-08-26,2017-08-26,,,45-49,M,32,35,35,433658.0,82,158.5999998,5.0,2.0,0.018908909786052603,1.9341463390243903,79.2999999,2.4390243902439024
1121695,2017-08-26,2017-08-26,,,45-49,M,32,34,38,29455.0,3,4.769999981,1.0,0.0,0.010185028008827025,1.5899999936666667,,0.0
1121701,2017-08-26,2017-08-26,,,45-49,M,36,38,38,23973.0,3,4.820000052,1.0,1.0,0.012514078338130395,1.6066666840000001,4.820000052,33.33333333333333
1121705,2017-08-26,2017-08-26,,,45-49,M,63,68,67,126480.0,25,37.25999999,1.0,1.0,0.019765970904490827,1.4903999996,37.25999999,4.0
1121706,2017-08-26,2017-08-26,,,45-49,M,63,64,67,138959.0,28,39.5200007,1.0,0.0,0.020149828366640518,1.4114285964285713,,0.0
1121708,2017-08-26,2017-08-26,,,45-49,M,63,65,68,68829.0,12,19.47999978,1.0,0.0,0.017434511615743366,1.623333315,,0.0
1121711,2017-08-26,2017-08-26,,,45-49,M,64,69,65,49916.0,10,16.38,1.0,1.0,0.020033656542992228,1.638,16.38,10.0
1121716,2017-08-26,2017-08-26,,,45-49,M,65,67,67,76014.0,16,22.67000031,1.0,1.0,0.021048754176862156,1.416875019375,22.67000031,6.25
1121723,2017-08-26,2017-08-26,,,45-49,M,2,5,4,50947.0,10,15.99000025,1.0,0.0,0.019628241113313835,1.599000025,,0.0
1121733,2017-08-27,2017-08-27,,,45-49,M,66,71,70,55536.0,11,17.04999995,1.0,0.0,0.019806972054163065,1.5499999954545454,,0.0
1121741,2017-08-27,2017-08-27,,,30-34,F,10,13,14,318042.0,46,64.40999997,8.0,4.0,0.014463498531640476,1.400217390652174,16.1024999925,8.695652173913043
1121742,2017-08-28,2017-08-28,,,30-34,F,10,14,11,213016.0,30,44.21999955,8.0,2.0,0.01408344913058174,1.4739999849999998,22.109999775,6.666666666666667
1121745,2017-08-28,2017-08-28,,,30-34,F,15,19,16,182265.0,27,38.18000007,2.0,1.0,0.014813595588840425,1.4140740766666666,38.18000007,3.7037037037037033
1121746,2017-08-28,2017-08-28,,,30-34,F,15,17,18,1117371.0,177,268.050002,26.0,5.0,0.015840754771691768,1.514406790960452,53.610000400000004,2.824858757062147
1121749,2017-08-28,2017-08-28,,,30-34,F,15,17,17,333345.0,52,77.59000027,5.0,1.0,0.015599454019109331,1.4921153898076924,77.59000027,1.9230769230769231
1121751,2017-08-29,2017-08-29,,,30-34,F,16,17,21,275930.0,30,46.77999997,5.0,2.0,0.010872322690537456,1.5593333323333334,23.389999985,6.666666666666667
1121753,2017-08-29,2017-08-29,,,30-34,F,16,20,19,740631.0,101,153.1199975,9.0,1.0,0.013637020324561084,1.5160395792079209,153.1199975,0.9900990099009901
1121754,2017-08-29,2017-08-29,,,30-34,F,16,17,17,328272.0,35,55.99000025,2.0,1.0,0.010661890139883999,1.5997142928571428,55.99000025,2.857142857142857
1121755,2017-08-29,2017-08-29,,,30-34,F,16,20,21,178455.0,20,31.5400002,6.0,3.0,0.011207307164271105,1.5770000100000001,10.5133334,15.0
1121756,2017-08-29,2017-08-29,,,30-34,F,16,18,19,705712.0,98,147.339999,6.0,1.0,0.013886684653229646,1.5034693775510204,147.339999,1.0204081632653061
1121758,2017-08-28,2017-08-28,,,30-34,F,18,19,20,690373.0,91,159.5700021,5.0,2.0,0.01318128026443676,1.7535165065934066,79.78500105,2.197802197802198
1121759,2017-08-28,2017-08-28,,,30-34,F,18,21,19,515812.0,69,117.6299995,3.0,1.0,0.013376966801858042,1.7047826014492753,117.6299995,1.4492753623188406
1121760,2017-08-28,2017-08-28,,,30-34,F,18,21,21,764793.0,101,171.9799976,4.0,2.0,0.013206187818141642,1.7027722534653464,85.9899988,1.9801980198019802
1121763,2017-08-28,2017-08-28,,,30-34,F,19,22,23,87832.0,11,18.10000038,1.0,1.0,0.012523909281355314,1.64545458,18.10000038,9.090909090909092
1121764,2017-08-28,2017-08-28,,,30-34,F,19,22,23,23368.0,3,4.300000191,1.0,0.0,0.01283806915439918,1.433333397,,0.0
1121765,2017-08-28,2017-08-28,,,30-34,F,19,24,23,51509.0,7,11.57000005,1.0,0.0,0.013589858083053446,1.6528571500000002,,0.0
1121767,2017-08-28,2017-08-28,,,30-34,F,19,20,23,87043.0,16,24.48000002,2.0,0.0,0.018381719380076513,1.53000000125,,0.0
1121768,2017-08-28,2017-08-28,,,30-34,F,19,20,25,565565.0,113,169.6699982,7.0,4.0,0.01998001998001998,1.5015044088495575,42.41749955,3.5398230088495577
1121769,2017-08-28,2017-08-28,,,30-34,F,20,26,26,253758.0,43,62.14000034,4.0,1.0,0.016945278572498206,1.4451162869767442,62.14000034,2.3255813953488373
1121773,2017-08-28,2017-08-28,,,30-34,F,20,22,21,319131.0,51,76.68000025,6.0,1.0,0.01598089812647471,1.5035294166666668,76.68000025,1.9607843137254901
1121774,2017-08-28,2017-08-28,,,30-34,F,20,22,21,670608.0,130,195.1499978,11.0,3.0,0.019385393553312813,1.5011538292307691,65.04999926666666,2.307692307692308
1121775,2017-08-18,2017-08-18,,,30-34,F,21,24,25,159123.0,25,38.36000013,5.0,3.0,0.015711116557631518,1.5344000052000002,12.78666671,12.0
1121776,2017-08-18,2017-08-18,,,30-34,F,21,23,22,103709.0,15,24.56999969,3.0,1.0,0.014463547040276158,1.6379999793333333,24.56999969,6.666666666666667
1121779,2017-08-22,2017-08-22,,,30-34,F,21,27,23,271589.0,45,74.41000032,9.0,3.0,0.01656915412627168,1.6535555626666665,24.80333344,6.666666666666667
1121780,2017-08-22,2017-08-22,,,30-34,F,21,25,22,119772.0,20,33.46999907,5.0,2.0,0.016698393614534283,1.6734999535,16.734999535,10.0
1121782,2017-08-21,2017-08-21,,,30-34,F,22,23,23,26340.0,3,4.220000029,1.0,1.0,0.011389521640091117,1.4066666763333335,4.220000029,33.33333333333333
1121783,2017-08-22,2017-08-22,,,30-34,F,22,27,28,594968.0,111,147.6700006,4.0,0.0,0.018656465557811513,1.3303603657657659,,0.0
1121791,2017-08-22,2017-08-22,,,30-34,F,23,25,24,6838.0,0,0.0,1.0,0.0,0.0,,,
1121793,2017-08-22,2017-08-22,,,30-34,F,24,30,25,185665.0,39,62.14000058,1.0,0.0,0.021005574556324565,1.5933333482051282,,0.0
1121795,2017-08-22,2017-08-22,,,30-34,F,24,29,25,24959.0,3,4.560000062,1.0,1.0,0.012019712328218277,1.5200000206666668,4.560000062,33.33333333333333
1121796,2017-08-22,2017-08-22,,,30-34,F,24,28,27,136967.0,23,35.05999982,3.0,1.0,0.016792366044375652,1.5243478182608696,35.05999982,4.3478260869565215
1121798,2017-08-21,2017-08-21,,,30-34,F,24,26,26,107548.0,19,29.31000018,1.0,0.0,0.017666530293450364,1.5426315884210526,,0.0
1121803,2017-08-21,2017-08-21,,,30-34,F,25,31,28,588617.0,119,169.9199973,2.0,0.0,0.020216881265746656,1.42789913697479,,0.0
1121806,2017-08-20,2017-08-20,,,30-34,F,26,31,30,190560.0,26,41.63,3.0,1.0,0.01364399664147775,1.6011538461538461,41.63,3.8461538461538463
1121807,2017-08-20,2017-08-20,,,30-34,F,26,30,32,373110.0,49,75.70000076,4.0,2.0,0.013132856262228296,1.5448979746938774,37.85000038,4.081632653061225
1121812,2017-08-20,2017-08-20,,,30-34,F,27,33,29,935646.0,170,256.4699982,19.0,6.0,0.018169264871543297,1.5086470482352943,42.7449997,3.5294117647058822
1121814,2017-08-21,2017-08-21,,,30-34,F,27,28,31,2223278.0,421,612.3000032,38.0,13.0,0.0189360035047349,1.4543943068883611,47.10000024615385,3.0878859857482186
1121815,2017-08-21,2017-08-21,,,30-34,F,27,33,28,240497.0,36,51.84000087,1.0,0.0,0.014969001692328803,1.4400000241666666,,0.0
1121816,2017-08-21,2017-08-21,,,30-34,F,27,30,30,259984.0,37,54.7900002,5.0,0.0,0.014231645024309188,1.4808108162162164,,0.0
1121817,2017-08-21,2017-08-21,,,30-34,F,28,31,29,606786.0,127,179.050001,11.0,3.0,0.020929948944108795,1.4098425275590551,59.68333366666667,2.3622047244094486
1121818,2017-08-21,2017-08-21,,,30-34,F,28,31,34,83270.0,13,17.74000001,1.0,0.0,0.015611865017413235,1.3646153853846152,,0.0
1121819,2017-08-21,2017-08-21,,,30-34,F,28,34,29,1189509.0,268,375.7199963,7.0,3.0,0.02253030452060472,1.4019402847014926,125.23999876666666,1.1194029850746268
1121820,2017-08-22,2017-08-22,,,30-34,F,28,29,32,11471.0,1,1.570000052,0.0,0.0,0.00871763577717723,1.570000052,,0.0
1121824,2017-08-22,2017-08-22,,,30-34,F,29,35,34,1705246.0,295,429.4799981,23.0,10.0,0.017299556779491056,1.4558644003389831,42.94799981,3.389830508474576
1121826,2017-08-23,2017-08-23,,,30-34,F,29,31,30,418016.0,63,95.8500005,3.0,1.0,0.01507119344714078,1.5214285793650792,95.8500005,1.5873015873015872
1121827,2017-08-23,2017-08-23,,,30-34,F,29,31,30,30155.0,3,3.819999933,1.0,0.0,0.00994859890565412,1.273333311,,0.0
1121828,2017-08-23,2017-08-23,,,30-34,F,29,33,33,990404.0,153,226.5399992,12.0,6.0,0.015448241323742635,1.4806535895424837,37.75666653333334,3.9215686274509802
1121829,2017-08-24,2017-08-24,,,30-34,F,30,35,35,187468.0,34,50.72000062,2.0,1.0,0.01813642861715066,1.491764724117647,50.72000062,2.941176470588235
1121832,2017-08-24,2017-08-24,,,30-34,F,30,36,36,208301.0,33,54.57000089,1.0,0.0,0.01584245874959794,1.6536363906060607,,0.0
1121833,2017-08-24,2017-08-24,,,30-34,F,30,36,36,101856.0,16,25.22000039,4.0,1.0,0.015708451146716932,1.576250024375,25.22000039,6.25
1121835,2017-08-24,2017-08-24,,,30-34,F,31,35,36,48935.0,7,9.970000267,1.0,1.0,0.014304689894758353,1.4242857524285715,9.970000267,14.285714285714285
1121839,2017-08-24,2017-08-24,,,30-34,F,31,33,34,13911.0,1,1.730000019,1.0,1.0,0.007188555819135935,1.730000019,1.730000019,100.0
1121841,2017-08-23,2017-08-23,,,30-34,F,32,38,34,511726.0,77,123.0900019,8.0,4.0,0.01504711505766758,1.5985714532467532,30.772500475,5.194805194805195
1121843,2017-08-23,2017-08-23,,,30-34,F,32,38,37,177452.0,24,37.83000016,2.0,0.0,0.013524784166986001,1.5762500066666665,,0.0
1121844,2017-08-23,2017-08-23,,,30-34,F,32,38,36,149808.0,20,33.03999937,1.0,1.0,0.013350421873331198,1.6519999684999997,33.03999937,5.0
1121845,2017-08-22,2017-08-22,,,30-34,F,32,34,38,390339.0,60,105.0199997,9.0,6.0,0.015371254217487878,1.7503333283333333,17.503333283333333,10.0
1121846,2017-08-22,2017-08-22,,,30-34,F,32,37,34,8350.0,0,0.0,1.0,0.0,0.0,,,
1121847,2017-08-23,2017-08-23,,,30-34,F,36,38,37,39339.0,4,5.929999948,1.0,0.0,0.010168026640229796,1.482499987,,0.0
1121854,2017-08-23,2017-08-23,,,30-34,F,63,65,64,8587.0,0,0.0,1.0,0.0,0.0,,,
1121855,2017-08-23,2017-08-23,,,30-34,F,63,67,65,24893.0,2,3.75,1.0,0.0,0.008034387177118065,1.875,,0.0
1121856,2017-08-23,2017-08-23,,,30-34,F,63,64,64,1296189.0,212,343.2599944,14.0,4.0,0.016355639493931824,1.619150916981132,85.8149986,1.8867924528301887
1121857,2017-08-23,2017-08-23,,,30-34,F,63,65,65,91607.0,12,19.1899997,2.0,1.0,0.01309943563264816,1.5991666416666668,19.1899997,8.333333333333332
1121859,2017-08-23,2017-08-23,,,30-34,F,64,67,67,238036.0,38,61.02999771,6.0,3.0,0.015963971836192845,1.6060525713157896,20.34333257,7.894736842105263
1121860,2017-08-20,2017-08-20,,,30-34,F,64,67,68,254344.0,35,56.16999996,2.0,1.0,0.013760890762117449,1.6048571417142856,56.16999996,2.857142857142857
1121861,2017-08-20,2017-08-20,,,30-34,F,64,66,69,157705.0,23,39.23000026,2.0,0.0,0.01458419200405821,1.7056521852173911,,0.0
1121862,2017-08-17,2017-08-17,,,30-34,F,64,67,69,411571.0,60,99.1799984,6.0,1.0,0.01457828661397426,1.6529999733333334,99.1799984,1.6666666666666667
1121863,2017-08-17,2017-08-17,,,30-34,F,64,69,70,94136.0,11,16.17999971,1.0,0.0,0.011685221381830542,1.4709090645454546,,0.0
1121867,2017-08-17,2017-08-17,,,30-34,F,65,69,71,82640.0,16,23.97000039,1.0,1.0,0.019361084220716362,1.498125024375,23.97000039,6.25
1121869,2017-08-18,2017-08-18,,,30-34,F,65,69,68,17870.0,2,2.620000005,1.0,1.0,0.01119194180190263,1.3100000025,2.620000005,50.0
1121871,2017-08-18,2017-08-18,,,30-34,F,2,8,7,19178.0,2,2.779999971,1.0,1.0,0.010428616122640526,1.3899999855,2.779999971,50.0
1121873,2017-08-18,2017-08-18,,,30-34,F,2,6,7,5264.0,0,0.0,1.0,0.0,0.0,,,
1121874,2017-08-18,2017-08-18,,,30-34,F,2,8,4,145548.0,28,42.37000036,2.0,1.0,0.01923763981641795,1.5132142985714285,42.37000036,3.571428571428571
1121876,2017-08-18,2017-08-18,,,30-34,F,2,6,8,82455.0,15,22.04999971,1.0,0.0,0.01819174094960888,1.4699999806666668,,0.0
1121877,2017-08-17,2017-08-17,,,30-34,F,7,10,9,44189.0,7,10.31999981,2.0,0.0,0.015841046414265994,1.4742856871428571,,0.0
1121878,2017-08-17,2017-08-17,,,30-34,F,7,8,8,45199.0,7,9.809999943,1.0,0.0,0.015487068297971194,1.4014285632857142,,0.0
1121881,2017-08-30,2017-08-30,,,30-34,F,7,8,13,221843.0,43,63.45000076,5.0,0.0,0.019383077221278112,1.4755814130232559,,0.0
1121888,2017-08-30,2017-08-30,,,30-34,F,66,72,69,41672.0,6,10.54999995,2.0,1.0,0.014398157035899407,1.758333325,10.54999995,16.666666666666664
1121889,2017-08-30,2017-08-30,,,35-39,F,10,15,13,127546.0,25,38.94000041,2.0,0.0,0.019600771486365704,1.5576000164000001,,0.0
1121890,2017-08-17,2017-08-17,,,35-39,F,10,16,15,127865.0,28,38.02999961,3.0,1.0,0.02189809564775349,1.3582142717857142,38.02999961,3.571428571428571
1121891,2017-08-17,2017-08-17,,,35-39,F,10,15,13,1025327.0,229,314.2999983,16.0,2.0,0.022334338216003283,1.3724890755458516,157.14999915,0.8733624454148471
1121894,2017-08-17,2017-08-17,,,35-39,F,10,14,14,561415.0,124,173.76,3.0,0.0,0.022087047905738177,1.401290322580645,,0.0
1121895,2017-08-17,2017-08-17,,,35-39,F,15,21,21,132803.0,25,37.32000124,2.0,1.0,0.01882487594406753,1.4928000496000002,37.32000124,4.0
1121897,2017-08-17,2017-08-17,,,35-39,F,15,18,17,24664.0,2,2.629999995,1.0,1.0,0.00810898475510866,1.3149999975,2.629999995,50.0
1121901,2017-08-17,2017-08-17,,,35-39,F,16,17,21,1020561.0,172,263.8100007,7.0,3.0,0.01685347568641169,1.5337790738372092,87.93666689999999,1.744186046511628
1121902,2017-08-18,2017-08-18,,,35-39,F,16,17,22,682143.0,114,177.1099993,6.0,2.0,0.016712038384913426,1.5535964850877193,88.55499965,1.7543859649122806
1121903,2017-08-18,2017-08-18,,,35-39,F,16,18,18,1247717.0,222,343.4199994,11.0,4.0,0.017792496215087238,1.5469369342342343,85.85499985,1.8018018018018018
1121904,2017-08-19,2017-08-19,,,35-39,F,16,21,18,146406.0,23,33.22999942,1.0,1.0,0.015709738671912353,1.4447825834782608,33.22999942,4.3478260869565215
1121905,2017-08-19,2017-08-19,,,35-39,F,16,17,21,905699.0,161,234.6599982,4.0,1.0,0.017776325247129566,1.4575155167701863,234.6599982,0.6211180124223602
1121906,2017-08-19,2017-08-19,,,35-39,F,16,21,17,1184580.0,194,297.8299981,14.0,3.0,0.016377112563102533,1.5352061757731958,99.27666603333334,1.5463917525773196
1121907,2017-08-20,2017-08-20,,,35-39,F,18,22,19,98057.0,20,31.00999963,1.0,1.0,0.020396300111159834,1.5504999815,31.00999963,5.0
1121917,2017-08-20,2017-08-20,,,35-39,F,19,22,24,238735.0,56,84.65999889,4.0,1.0,0.02345697111860431,1.5117856944642856,84.65999889,1.7857142857142856
1121918,2017-08-20,2017-08-20,,,35-39,F,19,23,25,320657.0,77,115.8800026,2.0,0.0,0.02401319790305529,1.5049350987012986,,0.0
1121925,2017-08-20,2017-08-20,,,35-39,F,21,27,23,244074.0,57,84.51000023,4.0,2.0,0.023353573096683792,1.4826315829824561,42.255000115,3.508771929824561
1121928,2017-08-20,2017-08-20,,,35-39,F,21,27,24,39146.0,8,13.05999959,1.0,0.0,0.020436315332345578,1.63249994875,,0.0
1121931,2017-08-20,2017-08-20,,,35-39,F,22,26,23,78468.0,15,23.64999962,1.0,0.0,0.0191160727940052,1.5766666413333332,,0.0
1121933,2017-08-19,2017-08-19,,,35-39,F,22,24,26,325653.0,63,89.35000026,2.0,0.0,0.01934574531786902,1.4182539723809524,,0.0
1121935,2017-08-19,2017-08-19,,,35-39,F,22,25,23,66277.0,12,17.30000019,1.0,0.0,0.01810582856797984,1.4416666825,,0.0
1121936,2017-08-18,2017-08-18,,,35-39,F,22,26,25,93002.0,16,23.33999968,1.0,0.0,0.017203931098255954,1.45874998,,0.0
1121944,2017-08-18,2017-08-18,,,35-39,F,24,25,29,109723.0,27,40.9600004,1.0,0.0,0.024607420504360978,1.517037051851852,,0.0
1121948,2017-08-18,2017-08-18,,,35-39,F,24,27,28,118941.0,35,50.11000001,4.0,1.0,0.029426354242859908,1.431714286,50.11000001,2.857142857142857
1121949,2017-08-19,2017-08-19,,,35-39,F,25,27,27,221576.0,47,66.79000068,6.0,1.0,0.02121168357583854,1.4210638442553192,66.79000068,2.127659574468085
1121953,2017-08-19,2017-08-19,,,35-39,F,25,29,27,8341.0,1,1.639999986,1.0,0.0,0.011988970147464332,1.639999986,,0.0
1121954,2017-08-19,2017-08-19,,,35-39,F,25,30,27,120335.0,26,36.2299993,2.0,0.0,0.021606348942535422,1.3934615115384617,,0.0
1121955,2017-08-19,2017-08-19,,,35-39,F,26,28,31,182098.0,40,62.86999989,1.0,1.0,0.021966194027391844,1.57174999725,62.86999989,2.5
1121956,2017-08-19,2017-08-19,,,35-39,F,26,31,28,227473.0,52,71.58000052,1.0,1.0,0.022859855894985338,1.3765384715384614,71.58000052,1.9230769230769231
1121962,2017-08-19,2017-08-19,,,35-39,F,27,30,32,1050947.0,230,350.5099957,6.0,1.0,0.021885023697674574,1.5239565030434783,350.5099957,0.43478260869565216
1121963,2017-08-24,2017-08-24,,,35-39,F,27,32,28,720859.0,162,213.6899986,13.0,5.0,0.0224731882379217,1.3190740654320987,42.73799972,3.0864197530864197
1121971,2017-08-24,2017-08-24,,,35-39,F,28,31,32,41111.0,8,10.96000016,1.0,0.0,0.019459512052735276,1.37000002,,0.0
1121973,2017-08-30,2017-08-30,,,35-39,F,29,31,34,148616.0,25,37.39999962,6.0,4.0,0.016821876513968888,1.4959999848,9.349999905,16.0
1121976,2017-08-30,2017-08-30,,,35-39,F,29,34,34,707260.0,135,210.8200028,13.0,6.0,0.01908774708028165,1.5616296503703704,35.13666713333333,4.444444444444445
1121977,2017-08-30,2017-08-30,,,35-39,F,29,32,32,139596.0,26,42.41000032,1.0,1.0,0.018625175506461505,1.6311538584615386,42.41000032,3.8461538461538463
1121983,2017-08-30,2017-08-30,,,35-39,F,30,34,31,105399.0,22,33.19999933,2.0,0.0,0.020873063311796124,1.5090908786363635,,0.0
1121994,2017-08-30,2017-08-30,,,35-39,F,32,33,34,222378.0,50,72.91000104,1.0,0.0,0.02248423854877731,1.4582000207999999,,0.0
1122003,2017-08-17,2017-08-17,,,35-39,F,63,69,68,975792.0,210,293.8800011,10.0,4.0,0.021520979880958236,1.3994285766666668,73.470000275,1.9047619047619049
1122004,2017-08-30,2017-08-30,,,35-39,F,63,65,67,579150.0,125,167.0499997,5.0,1.0,0.021583354916688252,1.3363999976,167.0499997,0.8
1122005,2017-08-30,2017-08-30,,,35-39,F,63,65,69,449588.0,81,123.800001,5.0,2.0,0.018016495102182443,1.528395074074074,61.9000005,2.4691358024691357
1122006,2017-08-30,2017-08-30,,,35-39,F,63,68,65,318157.0,56,85.70000196,3.0,0.0,0.01760137290708675,1.5303571778571428,,0.0
1122007,2017-08-30,2017-08-30,,,35-39,F,63,65,64,196967.0,43,65.17999971,2.0,1.0,0.02183106814847157,1.5158139467441862,65.17999971,2.3255813953488373
1122011,2017-08-29,2017-08-29,,,35-39,F,64,70,67,158298.0,37,46.43000007,4.0,1.0,0.023373637064271185,1.2548648667567568,46.43000007,2.7027027027027026
1122012,2017-08-29,2017-08-29,,,35-39,F,64,67,69,222739.0,55,68.55999959,5.0,2.0,0.024692577411230182,1.2465454470909092,34.279999795,3.6363636363636362
1122022,2017-08-29,2017-08-29,,,35-39,F,2,4,3,20780.0,5,8.189999938,1.0,0.0,0.024061597690086624,1.6379999876,,0.0
1122027,2017-08-29,2017-08-29,,,35-39,F,7,9,8,128616.0,33,48.54999948,2.0,0.0,0.025657771972382906,1.4712121054545453,,0.0
1122039,2017-08-29,2017-08-29,,,40-44,F,10,12,15,258954.0,61,82.27999902,1.0,0.0,0.023556307297821235,1.3488524429508197,,0.0
1122040,2017-08-30,2017-08-30,,,40-44,F,10,15,11,205289.0,48,71.53000104,3.0,0.0,0.02338167169210235,1.490208355,,0.0
1122041,2017-08-30,2017-08-30,,,40-44,F,10,13,12,611601.0,138,191.419996,8.0,3.0,0.022563730275130353,1.387101420289855,63.806665333333335,2.1739130434782608
1122043,2017-08-30,2017-08-30,,,40-44,F,10,13,14,947657.0,233,321.8700004,8.0,4.0,0.024586954984767696,1.3814163107296136,80.4675001,1.7167381974248928
1122044,2017-08-29,2017-08-29,,,40-44,F,10,16,14,233043.0,49,65.03000033,2.0,0.0,0.02102616255369181,1.3271428638775509,,0.0
1122047,2017-08-17,2017-08-17,,,40-44,F,15,18,21,582725.0,142,194.8099988,9.0,2.0,0.02436826976704277,1.3719013999999998,97.4049994,1.4084507042253522
1122052,2017-08-17,2017-08-17,,,40-44,F,16,20,19,265038.0,51,78.45999932,2.0,1.0,0.019242523713580695,1.5384313592156862,78.45999932,1.9607843137254901
1122054,2017-08-18,2017-08-18,,,40-44,F,16,20,18,222273.0,39,53.62999868,6.0,1.0,0.017545990741115652,1.3751281712820513,53.62999868,2.564102564102564
1122055,2017-08-18,2017-08-18,,,40-44,F,16,22,19,797234.0,170,243.7699978,4.0,1.0,0.021323726785360386,1.4339411635294117,243.7699978,0.5882352941176471
1122056,2017-08-17,2017-08-17,,,40-44,F,16,19,21,925555.0,182,262.8899981,4.0,2.0,0.019663877349266116,1.4444505390109892,131.44499905,1.098901098901099
1122058,2017-08-18,2017-08-18,,,40-44,F,18,19,24,22210.0,3,4.050000191,1.0,1.0,0.0135074290859973,1.3500000636666665,4.050000191,33.33333333333333
1122075,2017-08-18,2017-08-18,,,40-44,F,21,25,23,46391.0,11,16.40999985,3.0,1.0,0.02371149576426462,1.4918181681818181,16.40999985,9.090909090909092
1122078,2017-08-18,2017-08-18,,,40-44,F,21,27,25,190477.0,42,66.38999987,1.0,0.0,0.022049906287898276,1.5807142826190475,,0.0
1122079,2017-08-18,2017-08-18,,,40-44,F,21,24,27,25382.0,7,9.609999895,1.0,0.0,0.027578599007170437,1.3728571278571429,,0.0
1122085,2017-08-18,2017-08-18,,,40-44,F,22,26,25,65726.0,17,22.12000012,2.0,0.0,0.025864954508109425,1.301176477647059,,0.0
1122089,2017-08-17,2017-08-17,,,40-44,F,23,25,29,195220.0,51,78.06000042,1.0,0.0,0.026124372502817333,1.5305882435294116,,0.0
1122092,2017-08-17,2017-08-17,,,40-44,F,23,25,26,107501.0,27,40.87999928,2.0,2.0,0.02511604543213552,1.5140740474074075,20.43999964,7.4074074074074066
1122101,2017-08-17,2017-08-17,,,40-44,F,25,26,30,197772.0,63,88.21000016,7.0,2.0,0.031854863175778174,1.4001587326984128,44.10500008,3.1746031746031744
1122102,2017-08-17,2017-08-17,,,40-44,F,25,30,29,138154.0,35,48.93999863,1.0,0.0,0.025334047512196534,1.3982856751428572,,0.0
1122103,2017-08-17,2017-08-17,,,40-44,F,25,26,30,270124.0,69,95.84999895,2.0,0.0,0.025543824317720752,1.3891304195652174,,0.0
1122105,2017-08-17,2017-08-17,,,40-44,F,26,28,27,303971.0,77,106.9299998,11.0,6.0,0.025331363847209108,1.3887012961038963,17.821666633333333,7.792207792207792
1122107,2017-08-17,2017-08-17,,,40-44,F,26,30,29,682046.0,183,254.419997,4.0,2.0,0.026831034856886486,1.3902732076502733,127.2099985,1.092896174863388
1122109,2017-08-17,2017-08-17,,,40-44,F,26,27,28,328365.0,83,117.3400005,2.0,1.0,0.025276749958125868,1.4137349457831325,117.3400005,1.2048192771084338
1122112,2017-08-17,2017-08-17,,,40-44,F,27,31,33,1083259.0,276,390.2599992,11.0,0.0,0.02547867130575421,1.413985504347826,,0.0
1122113,2017-08-17,2017-08-17,,,40-44,F,27,33,28,913929.0,245,340.4099993,7.0,2.0,0.026807334048925026,1.3894285685714285,170.20499965,0.8163265306122449
1122118,2017-08-17,2017-08-17,,,40-44,F,28,31,33,101586.0,24,33.47000039,2.0,1.0,0.023625302699190835,1.3945833495833335,33.47000039,4.166666666666666
1122120,2017-08-29,2017-08-29,,,40-44,F,28,30,32,181053.0,46,66.27999985,3.0,1.0,0.025406925044047873,1.4408695619565217,66.27999985,2.1739130434782608
1122121,2017-08-29,2017-08-29,,,40-44,F,28,30,34,133419.0,35,48.18000007,2.0,1.0,0.0262331452042063,1.3765714305714285,48.18000007,2.857142857142857
1122125,2017-08-26,2017-08-26,,,40-44,F,29,34,32,489573.0,113,156.1199993,3.0,2.0,0.023081338227394076,1.381592914159292,78.05999965,1.7699115044247788
1122127,2017-08-26,2017-08-26,,,40-44,F,29,32,31,822023.0,194,288.3300035,6.0,0.0,0.023600312886622392,1.486237131443299,,0.0
1122131,2017-08-26,2017-08-26,,,40-44,F,30,32,35,93176.0,29,40.37000024,1.0,1.0,0.031123894565124068,1.3920689737931036,40.37000024,3.4482758620689653
1122138,2017-08-26,2017-08-26,,,40-44,F,31,32,37,47229.0,13,19.27999985,1.0,0.0,0.027525461051472612,1.4830769115384614,,0.0
1122139,2017-08-26,2017-08-26,,,40-44,F,31,36,32,92263.0,24,34.03000015,1.0,0.0,0.026012594431137074,1.4179166729166666,,0.0
1122140,2017-08-26,2017-08-26,,,40-44,F,31,35,35,81551.0,21,29.67000008,1.0,0.0,0.025750757194884184,1.4128571466666666,,0.0
1122145,2017-08-26,2017-08-26,,,40-44,F,32,35,34,141037.0,32,47.78999913,3.0,0.0,0.022689081588519323,1.4934374728125,,0.0
1122146,2017-08-26,2017-08-26,,,40-44,F,32,38,37,319501.0,79,111.6500003,0.0,0.0,0.024726057195439136,1.4132911430379747,,0.0
1122149,2017-08-26,2017-08-26,,,40-44,F,36,41,37,72741.0,19,24.33000016,2.0,0.0,0.0261200698368183,1.2805263242105263,,0.0
1122154,2017-08-25,2017-08-25,,,40-44,F,63,66,68,597419.0,135,188.5100002,2.0,1.0,0.022597205646288452,1.3963703718518519,188.5100002,0.7407407407407408
1122157,2017-08-25,2017-08-25,,,40-44,F,63,69,66,98768.0,21,33.14000034,1.0,1.0,0.021261947189373076,1.5780952542857143,33.14000034,4.761904761904762
1122160,2017-08-24,2017-08-24,,,40-44,F,64,69,67,173165.0,41,59.85000026,1.0,0.0,0.023676840008084777,1.4597561039024392,,0.0
1122165,2017-08-24,2017-08-24,,,40-44,F,65,68,69,55823.0,13,21.10999966,1.0,1.0,0.02328789208749082,1.6238461276923077,21.10999966,7.6923076923076925
1122166,2017-08-25,2017-08-25,,,40-44,F,65,66,68,118451.0,28,38.35000062,4.0,1.0,0.02363846653890638,1.3696428792857145,38.35000062,3.571428571428571
1122176,2017-08-25,2017-08-25,,,40-44,F,2,6,8,74424.0,22,30.84000027,1.0,1.0,0.029560356874126625,1.4018181940909091,30.84000027,4.545454545454546
1122177,2017-08-25,2017-08-25,,,40-44,F,7,10,12,47929.0,12,14.58999991,1.0,1.0,0.02503703394604519,1.2158333258333334,14.58999991,8.333333333333332
1122182,2017-08-25,2017-08-25,,,40-44,F,7,10,8,40801.0,12,15.91999972,0.0,0.0,0.029411043846964535,1.3266666433333334,,0.0
1122183,2017-08-25,2017-08-25,,,40-44,F,66,71,67,66017.0,17,24.22000015,1.0,0.0,0.02575094293893997,1.4247058911764707,,0.0
1122189,2017-08-25,2017-08-25,,,45-49,F,10,16,14,725043.0,179,238.4000007,5.0,3.0,0.024688190907297913,1.3318435793296088,79.46666689999999,1.675977653631285
1122191,2017-08-27,2017-08-27,,,45-49,F,10,16,16,382776.0,97,132.7300007,5.0,1.0,0.025341191715259056,1.3683505226804125,132.7300007,1.0309278350515463
1122192,2017-08-27,2017-08-27,,,45-49,F,10,16,13,548250.0,137,201.6000042,5.0,1.0,0.02498860009119927,1.4715328773722627,201.6000042,0.7299270072992701
1122193,2017-08-28,2017-08-28,,,45-49,F,10,11,15,1358324.0,346,465.0799981,8.0,2.0,0.025472567664268614,1.3441618442196532,232.53999905,0.5780346820809248
1122197,2017-08-28,2017-08-28,,,45-49,F,15,16,20,662249.0,163,234.9399992,2.0,0.0,0.02461309869852578,1.4413496883435581,,0.0
1122200,2017-08-28,2017-08-28,,,45-49,F,15,16,16,559554.0,139,195.0799994,2.0,0.0,0.0248412128230698,1.4034532330935252,,0.0
1122201,2017-08-28,2017-08-28,,,45-49,F,16,19,21,320757.0,68,104.6899989,2.0,0.0,0.021199849106956357,1.5395588073529414,,0.0
1122202,2017-08-28,2017-08-28,,,45-49,F,16,20,19,906151.0,202,295.5499957,1.0,0.0,0.022292090391115828,1.4631187905940595,,0.0
1122203,2017-08-29,2017-08-29,,,45-49,F,16,22,19,699314.0,164,226.0300014,3.0,0.0,0.023451553951443844,1.3782317158536586,,0.0
1122204,2017-08-28,2017-08-28,,,45-49,F,16,21,22,850337.0,198,287.690003,3.0,1.0,0.023284885874659104,1.4529798131313132,287.690003,0.5050505050505051
1122205,2017-08-28,2017-08-28,,,45-49,F,16,20,22,1015460.0,247,315.9000051,9.0,2.0,0.02432395170661572,1.2789473890688259,157.95000255,0.8097165991902834
1122209,2017-08-28,2017-08-28,,,45-49,F,18,19,20,890295.0,227,332.9899989,1.0,0.0,0.025497166669474727,1.4669162947136563,,0.0
1122210,2017-08-28,2017-08-28,,,45-49,F,18,21,20,791817.0,194,282.490001,4.0,2.0,0.024500610620888413,1.4561340257731958,141.2450005,1.0309278350515463
1122211,2017-08-27,2017-08-27,,,45-49,F,18,24,21,317601.0,76,115.6600008,1.0,0.0,0.02392939568830073,1.5218421157894737,,0.0
1122212,2017-08-27,2017-08-27,,,45-49,F,18,23,24,685211.0,164,247.3200026,4.0,3.0,0.02393423339672013,1.5080487963414635,82.44000086666667,1.8292682926829267
1122213,2017-08-27,2017-08-27,,,45-49,F,19,24,23,32781.0,7,11.20000017,2.0,2.0,0.021353833013025837,1.6000000242857142,5.600000085,28.57142857142857
1122216,2017-08-27,2017-08-27,,,45-49,F,19,23,22,76785.0,19,25.45999998,3.0,0.0,0.024744416227127697,1.3399999989473683,,0.0
1122217,2017-08-27,2017-08-27,,,45-49,F,19,24,23,719083.0,206,299.5299983,12.0,5.0,0.028647597008968368,1.454029117961165,59.90599966,2.4271844660194173
1122223,2017-08-27,2017-08-27,,,45-49,F,20,23,23,368480.0,107,140.4200011,5.0,4.0,0.029038211029092487,1.3123364588785047,35.105000275,3.7383177570093453
1122224,2017-08-27,2017-08-27,,,45-49,F,20,24,25,260945.0,73,100.8800011,2.0,2.0,0.027975243825327175,1.3819178232876712,50.44000055,2.73972602739726
1122225,2017-08-27,2017-08-27,,,45-49,F,21,22,27,40998.0,10,13.35000038,1.0,0.0,0.02439143372847456,1.335000038,,0.0
1122227,2017-08-27,2017-08-27,,,45-49,F,21,27,26,183293.0,53,73.74999964,2.0,1.0,0.0289154523085988,1.3915094271698112,73.74999964,1.8867924528301887
1122232,2017-08-27,2017-08-27,,,45-49,F,22,24,23,221561.0,55,76.75999916,1.0,0.0,0.024823863405563255,1.3956363483636365,,0.0
1122233,2017-08-19,2017-08-19,,,45-49,F,22,24,24,436943.0,109,145.8199974,1.0,1.0,0.024946045594047735,1.3377981412844038,145.8199974,0.9174311926605505
1122240,2017-08-19,2017-08-19,,,45-49,F,23,26,26,284488.0,90,125.2700011,1.0,1.0,0.03163578077106943,1.391888901111111,125.2700011,1.1111111111111112
1122244,2017-08-25,2017-08-25,,,45-49,F,24,26,26,85083.0,32,38.62999976,1.0,1.0,0.037610333439112395,1.2071874925,38.62999976,3.125
1122246,2017-08-25,2017-08-25,,,45-49,F,24,28,25,14167.0,5,7.139999986,1.0,0.0,0.035293287216771364,1.4279999972000001,,0.0
1122249,2017-08-24,2017-08-24,,,45-49,F,25,29,28,300637.0,84,116.9899981,2.0,0.0,0.027940672638431068,1.3927380726190475,,0.0
1122253,2017-08-25,2017-08-25,,,45-49,F,25,27,28,449921.0,129,175.9700005,5.0,1.0,0.028671700142913977,1.3641085310077519,175.9700005,0.7751937984496124
1122254,2017-08-25,2017-08-25,,,45-49,F,25,31,31,282899.0,71,105.6600007,1.0,0.0,0.02509729620818737,1.488169023943662,,0.0
1122257,2017-08-25,2017-08-25,,,45-49,F,26,29,32,669671.0,186,259.1799988,4.0,1.0,0.027774832716363707,1.393440853763441,259.1799988,0.5376344086021506
1122258,2017-08-25,2017-08-25,,,45-49,F,26,28,30,108655.0,28,46.92000186,1.0,0.0,0.025769637844553866,1.675714352142857,,0.0
1122260,2017-08-25,2017-08-25,,,45-49,F,26,32,31,536248.0,146,187.7399978,3.0,0.0,0.027226208769076995,1.2858903958904109,,0.0
1122262,2017-08-24,2017-08-24,,,45-49,F,27,29,30,1055017.0,265,380.6599952,16.0,2.0,0.025118078666030975,1.4364528120754718,190.3299976,0.7547169811320755
1122265,2017-08-24,2017-08-24,,,45-49,F,27,30,28,1428421.0,367,541.7000023,10.0,0.0,0.02569270544188303,1.4760218046321527,,0.0
1122266,2017-08-24,2017-08-24,,,45-49,F,27,31,30,1088027.0,272,409.5600026,9.0,4.0,0.02499937961098392,1.5057353036764707,102.39000065,1.4705882352941175
1122267,2017-08-23,2017-08-23,,,45-49,F,28,29,33,288517.0,78,102.3900002,3.0,0.0,0.027034802108714565,1.3126923102564103,,0.0
1122268,2017-08-23,2017-08-23,,,45-49,F,28,31,30,202231.0,53,67.13000107,3.0,1.0,0.02620765362382622,1.266603793773585,67.13000107,1.8867924528301887
1122270,2017-08-24,2017-08-24,,,45-49,F,28,34,32,73222.0,16,22.86000025,1.0,0.0,0.021851356149791046,1.428750015625,,0.0
1122271,2017-08-24,2017-08-24,,,45-49,F,28,29,34,348542.0,96,134.889999,2.0,0.0,0.0275433089842831,1.40510415625,,0.0
1122273,2017-08-24,2017-08-24,,,45-49,F,29,32,30,1097966.0,266,369.069997,16.0,8.0,0.02422661539610516,1.3874811917293233,46.133749625,3.007518796992481
1122274,2017-08-24,2017-08-24,,,45-49,F,29,33,31,526923.0,138,198.0899972,2.0,1.0,0.02618978484522406,1.4354347623188406,198.0899972,0.7246376811594203
1122276,2017-08-24,2017-08-24,,,45-49,F,29,34,34,264386.0,66,91.00000054,4.0,1.0,0.024963500336629023,1.378787886969697,91.00000054,1.5151515151515151
1122277,2017-08-24,2017-08-24,,,45-49,F,29,30,30,854940.0,227,297.9100007,8.0,3.0,0.026551570870470442,1.3123788577092512,99.30333356666667,1.3215859030837005
1122279,2017-08-25,2017-08-25,,,45-49,F,30,33,36,113567.0,34,50.29000044,3.0,0.0,0.029938274322646546,1.47911766,,0.0
1122282,2017-08-25,2017-08-25,,,45-49,F,30,31,35,22859.0,6,9.419999838,1.0,0.0,0.026247867360776934,1.569999973,,0.0
1122288,2017-08-27,2017-08-27,,,45-49,F,31,32,33,51754.0,13,20.51999998,1.0,0.0,0.025118831394674804,1.578461536923077,,0.0
1122290,2017-08-26,2017-08-26,,,45-49,F,31,32,33,104347.0,28,38.13999993,4.0,3.0,0.026833545765570642,1.3621428546428571,12.713333310000001,10.714285714285714
1122303,2017-08-26,2017-08-26,,,45-49,F,63,67,66,391998.0,97,142.0500025,3.0,1.0,0.02474502420930719,1.4644330154639176,142.0500025,1.0309278350515463
1122304,2017-08-27,2017-08-27,,,45-49,F,63,64,66,1111156.0,282,402.3000026,5.0,0.0,0.02537897468942255,1.4265957539007093,,0.0
1122308,2017-08-27,2017-08-27,,,45-49,F,63,64,68,427772.0,117,159.299999,3.0,1.0,0.027351018767006723,1.3615384529914532,159.299999,0.8547008547008548
1122310,2017-08-27,2017-08-27,,,45-49,F,64,66,65,536457.0,136,193.6599991,2.0,1.0,0.02535151932028103,1.4239705816176471,193.6599991,0.7352941176470588
1122311,2017-08-27,2017-08-27,,,45-49,F,64,69,68,179894.0,43,66.83999872,2.0,0.0,0.023902965079435668,1.554418574883721,,0.0
1122312,2017-08-27,2017-08-27,,,45-49,F,64,70,66,479882.0,131,178.6700007,6.0,0.0,0.027298377517806463,1.3638931351145038,,0.0
1122313,2017-08-26,2017-08-26,,,45-49,F,64,70,69,358261.0,91,130.3600011,1.0,0.0,0.025400476189147016,1.4325274846153846,,0.0
1122316,2017-08-26,2017-08-26,,,45-49,F,65,67,67,346688.0,88,114.8599998,2.0,0.0,0.025383053350563043,1.3052272704545453,,0.0
1314296,2017-08-26,2017-08-26,,,30-34,M,100,106,105,33445.0,2,3.199999928,1.0,0.0,0.005979967110180894,1.599999964,,0.0
1314297,2017-08-25,2017-08-25,,,30-34,M,101,106,103,72228.0,5,7.529999852,4.0,4.0,0.006922523121227224,1.5059999704,1.882499963,80.0
1314298,2017-08-25,2017-08-25,,,30-34,M,102,104,107,49699.0,2,2.690000057,2.0,1.0,0.004024225839554116,1.3450000285,2.690000057,50.0
1314299,2017-08-26,2017-08-26,,,30-34,M,103,107,108,189761.0,18,27.32999969,4.0,1.0,0.009485616117115741,1.5183333161111112,27.32999969,5.555555555555555
1314301,2017-08-26,2017-08-26,,,30-34,M,105,108,107,312524.0,37,53.78999972,2.0,0.0,0.011839090757829799,1.4537837762162162,,0.0
1314303,2017-08-26,2017-08-26,,,30-34,M,107,108,110,496760.0,42,61.00999904,10.0,3.0,0.008454787019888879,1.4526190247619046,20.336666346666664,7.142857142857142
1314306,2017-08-26,2017-08-26,,,30-34,M,110,112,111,310988.0,34,46.66999936,11.0,3.0,0.010932897732388388,1.37264704,15.556666453333333,8.823529411764707
1314307,2017-08-26,2017-08-26,,,30-34,M,111,112,113,98606.0,9,12.10999984,1.0,0.0,0.009127233636898362,1.345555537777778,,0.0
1314308,2017-08-26,2017-08-26,,,30-34,M,112,117,115,51104.0,2,3.199999928,3.0,1.0,0.003913587977457733,1.599999964,3.199999928,50.0
1314309,2017-08-23,2017-08-23,,,30-34,M,113,116,115,276762.0,22,32.09000015,5.0,1.0,0.007949068152419768,1.4586363704545455,32.09000015,4.545454545454546
1314312,2017-08-23,2017-08-23,,,35-39,M,101,105,103,33534.0,2,2.960000038,1.0,1.0,0.005964096141229796,1.480000019,2.960000038,50.0
1314313,2017-08-21,2017-08-21,,,35-39,M,102,104,107,128859.0,16,23.69999957,1.0,0.0,0.012416672486981894,1.481249973125,,0.0
1314314,2017-08-21,2017-08-21,,,35-39,M,103,104,105,92080.0,12,16.94000018,3.0,2.0,0.013032145960034753,1.4116666816666665,8.47000009,16.666666666666664
1314316,2017-08-21,2017-08-21,,,35-39,M,105,107,107,211882.0,33,46.64999926,3.0,1.0,0.015574706676357596,1.4136363412121213,46.64999926,3.0303030303030303
1314318,2017-08-21,2017-08-21,,,35-39,M,107,110,109,112776.0,9,12.67999995,1.0,0.0,0.007980421366248137,1.4088888833333333,,0.0
1314319,2017-08-21,2017-08-21,,,35-39,M,108,113,111,145324.0,14,19.82000005,2.0,1.0,0.009633646197462223,1.4157142892857144,19.82000005,7.142857142857142
1314320,2017-08-21,2017-08-21,,,35-39,M,109,113,115,106492.0,14,21.26000023,2.0,0.0,0.01314652743868084,1.5185714449999999,,0.0
1314321,2017-08-21,2017-08-21,,,35-39,M,110,112,111,233845.0,30,40.73000062,3.0,0.0,0.012829010669460541,1.3576666873333332,,0.0
1314323,2017-08-21,2017-08-21,,,35-39,M,112,117,118,155426.0,17,25.01000023,3.0,0.0,0.010937680954280493,1.4711764841176471,,0.0
1314324,2017-08-21,2017-08-21,,,35-39,M,113,116,114,97540.0,8,11.5199995,2.0,1.0,0.008201763379126512,1.4399999375,11.5199995,12.5
1314325,2017-08-21,2017-08-21,,,35-39,M,114,117,120,61441.0,5,7.700000048,1.0,0.0,0.00813788838072297,1.5400000096,,0.0
1314326,2017-08-20,2017-08-20,,,40-44,M,100,104,104,76703.0,9,12.14999962,3.0,1.0,0.011733569743034822,1.3499999577777777,12.14999962,11.11111111111111
1314327,2017-08-20,2017-08-20,,,40-44,M,101,107,105,68619.0,10,14.96000034,1.0,0.0,0.014573223159766247,1.4960000340000001,,0.0
1314330,2017-08-20,2017-08-20,,,40-44,M,104,108,108,17559.0,1,1.49000001,1.0,1.0,0.005695085141522866,1.49000001,1.49000001,100.0
1314331,2017-08-20,2017-08-20,,,40-44,M,105,107,108,137879.0,19,28.47000003,2.0,0.0,0.013780198579914273,1.4984210542105263,,0.0
1314332,2017-08-20,2017-08-20,,,40-44,M,106,110,112,67710.0,10,15.14999998,1.0,0.0,0.014768867227883621,1.514999998,,0.0
1314333,2017-08-21,2017-08-21,,,40-44,M,107,113,108,348180.0,41,60.22999907,3.0,1.0,0.011775518410017807,1.4690243675609755,60.22999907,2.4390243902439024
1314334,2017-08-21,2017-08-21,,,40-44,M,108,110,112,146246.0,18,28.71999955,3.0,1.0,0.01230802893754359,1.5955555305555555,28.71999955,5.555555555555555
1314336,2017-08-20,2017-08-20,,,40-44,M,110,116,113,187236.0,24,34.86999965,2.0,2.0,0.012818047811318336,1.4529166520833332,17.434999825,8.333333333333332
1314337,2017-08-20,2017-08-20,,,40-44,M,111,112,112,72157.0,9,13.50000036,1.0,1.0,0.012472802361517248,1.50000004,13.50000036,11.11111111111111
1314338,2017-08-21,2017-08-21,,,40-44,M,112,113,114,91180.0,10,13.55999994,1.0,0.0,0.010967317394165389,1.355999994,,0.0
1314339,2017-08-22,2017-08-22,,,40-44,M,113,114,116,86293.0,6,9.259999871,1.0,1.0,0.006953055288377969,1.5433333118333332,9.259999871,16.666666666666664
1314341,2017-08-23,2017-08-23,,,45-49,M,100,105,106,101410.0,12,17.94000006,4.0,0.0,0.01183315254905828,1.4950000049999999,,0.0
1314343,2017-08-23,2017-08-23,,,45-49,M,102,107,103,134245.0,18,25.75000024,2.0,1.0,0.013408320607843867,1.430555568888889,25.75000024,5.555555555555555
1314345,2017-08-23,2017-08-23,,,45-49,M,104,105,107,125650.0,20,30.08000076,4.0,0.0,0.01591723040191007,1.504000038,,0.0
1314346,2017-08-23,2017-08-23,,,45-49,M,105,109,106,50406.0,5,7.26000011,1.0,1.0,0.00991945403325001,1.452000022,7.26000011,20.0
1314348,2017-08-23,2017-08-23,,,45-49,M,107,113,111,121769.0,13,18.41999996,2.0,1.0,0.010675952007489591,1.4169230738461538,18.41999996,7.6923076923076925
1314349,2017-08-23,2017-08-23,,,45-49,M,108,113,113,267106.0,34,50.5,4.0,1.0,0.012729028924846316,1.4852941176470589,50.5,2.941176470588235
1314350,2017-08-23,2017-08-23,,,45-49,M,109,115,115,365539.0,57,82.13999915,5.0,2.0,0.015593411373341831,1.4410526166666666,41.069999575,3.508771929824561
1314351,2017-08-23,2017-08-23,,,45-49,M,110,114,111,188758.0,25,36.60000038,2.0,1.0,0.013244471757488423,1.4640000152,36.60000038,4.0
1314353,2017-08-22,2017-08-22,,,45-49,M,112,114,114,108426.0,13,19.58000016,1.0,0.0,0.011989744157305443,1.5061538584615386,,0.0
1314354,2017-08-22,2017-08-22,,,45-49,M,113,116,116,138525.0,9,13.65000045,3.0,0.0,0.0064970221981591764,1.5166667166666667,,0.0
1314355,2017-08-22,2017-08-22,,,45-49,M,114,117,118,150858.0,21,30.26000011,1.0,0.0,0.013920375452412202,1.4409523861904763,,0.0
1314357,2017-08-22,2017-08-22,,,30-34,F,101,102,102,524306.0,81,113.6800029,10.0,4.0,0.015448993526680983,1.403456825925926,28.420000725,4.938271604938271
1314358,2017-08-22,2017-08-22,,,30-34,F,102,103,103,104496.0,9,11.42999983,3.0,2.0,0.008612769866789159,1.2699999811111111,5.714999915,22.22222222222222
1314359,2017-08-22,2017-08-22,,,30-34,F,103,109,105,452519.0,68,99.52000237,7.0,2.0,0.015026993341716036,1.4635294466176472,49.760001185,2.941176470588235
1314360,2017-08-22,2017-08-22,,,30-34,F,104,105,108,442919.0,76,110.7800021,21.0,2.0,0.017158893612601853,1.4576316065789474,55.39000105,2.631578947368421
1314361,2017-08-22,2017-08-22,,,30-34,F,105,111,107,596831.0,86,120.8799992,11.0,0.0,0.014409439187977834,1.4055813860465116,,0.0
1314362,2017-08-22,2017-08-22,,,30-34,F,106,109,108,173912.0,26,35.54000032,2.0,1.0,0.014950089700538204,1.366923089230769,35.54000032,3.8461538461538463
1314363,2017-08-22,2017-08-22,,,30-34,F,107,109,113,780967.0,86,119.6400018,20.0,4.0,0.011011988982889163,1.391162811627907,29.91000045,4.651162790697675
1314364,2017-08-22,2017-08-22,,,30-34,F,108,111,111,132124.0,8,11.18999994,4.0,0.0,0.0060549181072326,1.3987499925,,0.0
1314365,2017-08-27,2017-08-27,,,30-34,F,109,110,112,623137.0,100,138.9200006,12.0,1.0,0.016047835387723728,1.389200006,138.9200006,1.0
1314366,2017-08-27,2017-08-27,,,30-34,F,110,114,111,99020.0,10,14.48000044,4.0,1.0,0.010098969905069682,1.448000044,14.48000044,10.0
1314367,2017-08-18,2017-08-18,,,30-34,F,111,113,114,665817.0,117,163.8000002,23.0,9.0,0.017572396018725865,1.4000000017094016,18.200000022222223,7.6923076923076925
1314368,2017-08-18,2017-08-18,,,30-34,F,112,114,113,699232.0,80,111.9899995,12.0,3.0,0.011441123976019403,1.39987499375,37.32999983333333,3.75
1314371,2017-08-18,2017-08-18,,,35-39,F,100,103,102,72982.0,11,15.04999995,1.0,0.0,0.015072209585925296,1.3681818136363637,,0.0
1314372,2017-08-18,2017-08-18,,,35-39,F,101,107,104,975884.0,167,237.3199975,14.0,3.0,0.01711268962294699,1.4210778293413173,79.10666583333334,1.7964071856287425
1314373,2017-08-18,2017-08-18,,,35-39,F,102,106,103,245607.0,33,47.87999952,3.0,1.0,0.013436099133982339,1.4509090763636363,47.87999952,3.0303030303030303
1314377,2017-08-18,2017-08-18,,,35-39,F,106,111,109,485369.0,114,164.6400015,3.0,0.0,0.023487284931670543,1.4442105394736844,,0.0
1314378,2017-08-18,2017-08-18,,,35-39,F,107,111,112,866355.0,139,200.8299961,11.0,5.0,0.016044231290868065,1.444820115827338,40.165999219999996,3.597122302158273
1314379,2017-08-18,2017-08-18,,,35-39,F,108,110,110,502710.0,72,105.2199969,8.0,2.0,0.014322372739750552,1.4613888458333333,52.60999845,2.7777777777777777
1314380,2017-08-18,2017-08-18,,,35-39,F,109,114,111,475184.0,88,127.3200028,4.0,1.0,0.018519142058655173,1.4468182136363636,127.3200028,1.1363636363636365
1314381,2017-08-17,2017-08-17,,,35-39,F,110,111,111,357401.0,47,68.67000008,8.0,1.0,0.01315049482234241,1.4610638314893616,68.67000008,2.127659574468085
1314382,2017-08-17,2017-08-17,,,35-39,F,111,114,112,99810.0,14,20.05000019,2.0,0.0,0.014026650636208797,1.4321428707142856,,0.0
1314383,2017-08-17,2017-08-17,,,35-39,F,112,116,114,81569.0,6,9.409999967,3.0,1.0,0.007355735634861284,1.5683333278333331,9.409999967,16.666666666666664
1314384,2017-08-17,2017-08-17,,,35-39,F,113,115,114,441192.0,53,77.59999979,6.0,2.0,0.012012910478884477,1.4641509394339622,38.799999895,3.7735849056603774
1314385,2017-08-17,2017-08-17,,,35-39,F,114,115,116,90470.0,11,16.73000002,1.0,1.0,0.012158726649718139,1.5209090927272726,16.73000002,9.090909090909092
1314386,2017-08-17,2017-08-17,,,40-44,F,100,102,102,834243.0,166,246.7499975,18.0,7.0,0.019898279038601464,1.4864457680722891,35.24999964285714,4.216867469879518
1314387,2017-08-17,2017-08-17,,,40-44,F,101,105,106,696612.0,152,223.1899948,31.0,9.0,0.021819894001251772,1.4683552289473685,24.79888831111111,5.921052631578947
1314388,2017-08-17,2017-08-17,,,40-44,F,102,103,106,329333.0,48,67.60999918,1.0,0.0,0.01457491353736188,1.4085416495833334,,0.0
1314389,2017-08-17,2017-08-17,,,40-44,F,103,104,105,1114711.0,224,319.0000019,6.0,0.0,0.020094894551143747,1.4241071513392856,,0.0
1314390,2017-08-17,2017-08-17,,,40-44,F,104,107,107,267316.0,58,82.92999887,3.0,0.0,0.021697167397387362,1.429827566724138,,0.0
1314391,2017-08-19,2017-08-19,,,40-44,F,105,109,106,228629.0,38,57.0,2.0,0.0,0.016620813632566296,1.5,,0.0
1314392,2017-08-19,2017-08-19,,,40-44,F,106,107,111,758340.0,159,233.110002,13.0,4.0,0.020966848643088853,1.466100641509434,58.2775005,2.515723270440252
1314393,2017-08-20,2017-08-20,,,40-44,F,107,108,110,877535.0,149,217.7799966,5.0,2.0,0.016979379739839436,1.4616107154362417,108.8899983,1.342281879194631
1314394,2017-08-20,2017-08-20,,,40-44,F,108,113,112,1357386.0,223,323.0600071,10.0,1.0,0.016428635627595983,1.4486995834080718,323.0600071,0.4484304932735426
1314395,2017-08-20,2017-08-20,,,40-44,F,109,115,115,280240.0,61,87.99000168,2.0,2.0,0.0217670568084499,1.4424590439344263,43.99500084,3.278688524590164
1314396,2017-08-20,2017-08-20,,,40-44,F,110,116,116,419922.0,75,105.4500008,3.0,1.0,0.017860459799677084,1.4060000106666666,105.4500008,1.3333333333333335
1314397,2017-08-20,2017-08-20,,,40-44,F,111,116,115,402975.0,83,120.8999977,1.0,0.0,0.02059681121657671,1.456626478313253,,0.0
1314398,2017-08-20,2017-08-20,,,40-44,F,112,115,116,1137635.0,211,301.0499992,30.0,10.0,0.01854724933744127,1.4267772473933649,30.10499992,4.739336492890995
1314400,2017-08-20,2017-08-20,,,40-44,F,114,118,119,250234.0,40,62.31999922,4.0,1.0,0.015985038004427854,1.5579999805,62.31999922,2.5
1314401,2017-08-20,2017-08-20,,,45-49,F,100,106,101,904907.0,195,279.219995,11.0,1.0,0.021549175771653883,1.4318974102564102,279.219995,0.5128205128205128
1314402,2017-08-20,2017-08-20,,,45-49,F,101,105,105,589270.0,107,158.0500023,10.0,4.0,0.018158059972508356,1.4771028252336447,39.512500575,3.7383177570093453
1314403,2017-08-20,2017-08-20,,,45-49,F,102,104,104,168714.0,24,36.01000071,2.0,2.0,0.014225256943703546,1.50041669625,18.005000355,8.333333333333332
1314404,2017-08-19,2017-08-19,,,45-49,F,103,105,104,71982.0,11,16.34000051,1.0,0.0,0.015281598177322109,1.4854545918181818,,0.0
1314405,2017-08-19,2017-08-19,,,45-49,F,104,107,110,558666.0,110,162.6399975,14.0,5.0,0.01968976096630187,1.4785454318181817,32.5279995,4.545454545454546
1314406,2017-08-19,2017-08-19,,,45-49,F,105,106,109,1118200.0,235,333.7499943,11.0,4.0,0.021015918440350563,1.4202127417021277,83.437498575,1.702127659574468
1314407,2017-08-19,2017-08-19,,,45-49,F,106,112,108,107100.0,23,33.71000051,1.0,0.0,0.021475256769374416,1.4656521960869566,,0.0
1314408,2017-08-19,2017-08-19,,,45-49,F,107,113,112,877769.0,160,232.5900005,13.0,4.0,0.01822803038156964,1.453687503125,58.147500125,2.5
1314409,2017-08-19,2017-08-19,,,45-49,F,108,112,112,212508.0,33,47.69000006,4.0,1.0,0.015528827150036704,1.4451515169696971,47.69000006,3.0303030303030303
1314410,2017-08-19,2017-08-19,,,45-49,F,109,111,114,1129773.0,252,358.189997,13.0,2.0,0.02230536576816759,1.421388876984127,179.0949985,0.7936507936507936
1314411,2017-08-19,2017-08-19,,,45-49,F,110,111,116,637549.0,120,173.8800035,3.0,0.0,0.01882208269482032,1.4490000291666665,,0.0
1314412,2017-08-19,2017-08-19,,,45-49,F,111,113,117,151531.0,28,40.28999949,2.0,0.0,0.01847806719417149,1.4389285532142857,,0.0
1314414,2017-08-17,2017-08-17,,,45-49,F,113,114,117,790253.0,135,198.7100005,8.0,2.0,0.017083136666358748,1.4719259296296296,99.35500025,1.4814814814814816
1314415,2017-08-17,2017-08-17,,,45-49,F,114,116,118,513161.0,114,165.6099987,5.0,2.0,0.02221525018463991,1.4527192868421053,82.80499935,1.7543859649122806
